2025-11-05 04:04	64.350	64.350	64.345	64.350	1
2025-11-05 04:06	64.335	64.335	64.332	64.332	1
2025-11-05 04:07	64.340	64.362	64.340	64.347	1
2025-11-05 04:08	64.342	64.370	64.342	64.362	1
2025-11-05 04:10	64.355	64.385	64.352	64.382	1
2025-11-05 04:11	64.372	64.380	64.372	64.380	1
2025-11-05 04:12	64.375	64.375	64.375	64.375	1
2025-11-05 04:13	64.368	64.385	64.368	64.380	1
2025-11-05 04:14	64.382	64.390	64.380	64.382	1
2025-11-05 04:15	64.375	64.380	64.372	64.375	1
2025-11-05 04:16	64.368	64.368	64.368	64.368	1
2025-11-05 04:17	64.385	64.385	64.370	64.370	1
2025-11-05 04:18	64.365	64.365	64.352	64.352	1
2025-11-05 04:19	64.365	64.370	64.362	64.365	1
2025-11-05 04:20	64.355	64.365	64.352	64.365	1
2025-11-05 04:21	64.358	64.360	64.355	64.355	1
2025-11-05 04:22	64.355	64.375	64.355	64.372	1
2025-11-05 04:23	64.380	64.380	64.372	64.372	1
2025-11-05 04:24	64.368	64.368	64.368	64.368	1
2025-11-05 04:25	64.385	64.385	64.382	64.382	1
2025-11-05 04:26	64.378	64.378	64.378	64.378	1
2025-11-05 04:27	64.390	64.390	64.382	64.385	1
2025-11-05 04:28	64.378	64.395	64.378	64.390	1
2025-11-05 04:29	64.392	64.400	64.382	64.382	1
2025-11-05 04:30	64.395	64.415	64.395	64.412	1
2025-11-05 04:31	64.425	64.435	64.417	64.425	1
2025-11-05 04:32	64.430	64.435	64.422	64.432	1
2025-11-05 04:33	64.445	64.445	64.432	64.442	1
2025-11-05 04:34	64.435	64.455	64.432	64.455	1
2025-11-05 04:35	64.450	64.450	64.422	64.437	1
2025-11-05 04:36	64.442	64.455	64.442	64.455	1
2025-11-05 04:37	64.442	64.447	64.442	64.442	1
2025-11-05 04:38	64.430	64.440	64.430	64.432	1
2025-11-05 04:39	64.425	64.425	64.410	64.410	1
2025-11-05 04:40	64.415	64.420	64.415	64.415	1
2025-11-05 04:41	64.410	64.420	64.410	64.420	1
2025-11-05 04:42	64.425	64.425	64.417	64.417	1
2025-11-05 04:43	64.425	64.425	64.420	64.420	1
2025-11-05 04:44	64.425	64.425	64.415	64.417	1
2025-11-05 04:45	64.425	64.425	64.405	64.410	1
2025-11-05 04:47	64.405	64.405	64.375	64.375	1
2025-11-05 04:48	64.380	64.385	64.367	64.367	1
2025-11-05 04:50	64.375	64.375	64.365	64.365	1
2025-11-05 04:51	64.360	64.375	64.360	64.375	1
2025-11-05 04:52	64.385	64.400	64.380	64.387	1
2025-11-05 04:53	64.385	64.395	64.385	64.390	1
2025-11-05 04:54	64.385	64.385	64.375	64.380	1
2025-11-05 04:55	64.390	64.395	64.377	64.377	1
2025-11-05 04:56	64.375	64.395	64.375	64.395	1
2025-11-05 04:57	64.387	64.387	64.382	64.382	1
2025-11-05 04:58	64.378	64.380	64.378	64.380	1
2025-11-05 04:59	64.385	64.385	64.377	64.385	1
2025-11-05 05:00	64.380	64.385	64.370	64.375	1
2025-11-05 05:01	64.385	64.385	64.372	64.372	1
2025-11-05 05:02	64.385	64.400	64.382	64.397	1
2025-11-05 05:03	64.387	64.387	64.365	64.375	1
2025-11-05 05:04	64.370	64.380	64.365	64.380	1
2025-11-05 05:05	64.372	64.380	64.372	64.380	1
2025-11-05 05:06	64.365	64.375	64.362	64.372	1
2025-11-05 05:07	64.380	64.390	64.380	64.390	1
2025-11-05 05:08	64.400	64.400	64.387	64.387	1
2025-11-05 05:09	64.382	64.382	64.382	64.382	1
2025-11-05 05:10	64.380	64.400	64.375	64.400	1
2025-11-05 05:11	64.405	64.405	64.397	64.400	1
2025-11-05 05:12	64.405	64.405	64.392	64.392	1
2025-11-05 05:14	64.387	64.395	64.387	64.395	1
2025-11-05 05:15	64.405	64.415	64.402	64.415	1
2025-11-05 05:16	64.410	64.410	64.397	64.400	1
2025-11-05 05:17	64.395	64.405	64.395	64.405	1
2025-11-05 05:18	64.400	64.405	64.400	64.405	1
2025-11-05 05:19	64.392	64.420	64.392	64.420	1
2025-11-05 05:20	64.415	64.445	64.415	64.440	1
2025-11-05 05:21	64.435	64.435	64.430	64.435	1
2025-11-05 05:22	64.445	64.445	64.435	64.440	1
2025-11-05 05:23	64.432	64.432	64.432	64.432	1
2025-11-05 05:24	64.430	64.432	64.430	64.432	1
2025-11-05 05:25	64.430	64.430	64.420	64.420	1
2025-11-05 05:26	64.412	64.412	64.412	64.412	1
2025-11-05 05:27	64.425	64.425	64.422	64.422	1
2025-11-05 05:28	64.430	64.460	64.430	64.450	1
2025-11-05 05:29	64.445	64.445	64.445	64.445	1
2025-11-05 05:30	64.430	64.442	64.412	64.422	1
2025-11-05 05:31	64.427	64.440	64.422	64.440	1
2025-11-05 05:32	64.430	64.435	64.417	64.417	1
2025-11-05 05:33	64.422	64.445	64.422	64.437	1
2025-11-05 05:34	64.445	64.462	64.442	64.462	1
2025-11-05 05:35	64.470	64.472	64.455	64.465	1
2025-11-05 05:36	64.457	64.465	64.450	64.455	1
2025-11-05 05:37	64.460	64.475	64.457	64.475	1
2025-11-05 05:38	64.490	64.500	64.482	64.492	1
2025-11-05 05:39	64.500	64.507	64.495	64.502	1
2025-11-05 05:40	64.497	64.497	64.462	64.472	1
2025-11-05 05:41	64.468	64.475	64.468	64.470	1
2025-11-05 05:42	64.462	64.470	64.457	64.457	1
2025-11-05 05:43	64.465	64.485	64.465	64.485	1
2025-11-05 05:44	64.480	64.485	64.465	64.475	1
2025-11-05 05:45	64.470	64.480	64.465	64.465	1
2025-11-05 05:46	64.470	64.477	64.442	64.442	1
2025-11-05 05:47	64.447	64.455	64.437	64.450	1
2025-11-05 05:48	64.455	64.470	64.432	64.470	1
2025-11-05 05:49	64.475	64.475	64.462	64.472	1
2025-11-05 05:50	64.480	64.520	64.472	64.515	1
2025-11-05 05:51	64.510	64.535	64.510	64.530	1
2025-11-05 05:52	64.525	64.525	64.502	64.512	1
2025-11-05 05:53	64.510	64.545	64.510	64.525	1
2025-11-05 05:54	64.520	64.520	64.515	64.515	1
2025-11-05 05:55	64.510	64.515	64.497	64.515	1
2025-11-05 05:56	64.525	64.535	64.510	64.532	1
2025-11-05 05:57	64.530	64.530	64.517	64.517	1
2025-11-05 05:58	64.515	64.535	64.512	64.535	1
2025-11-05 05:59	64.530	64.540	64.527	64.535	1
2025-11-05 06:00	64.540	64.540	64.497	64.510	1
2025-11-05 06:01	64.497	64.520	64.495	64.520	1
2025-11-05 06:02	64.525	64.545	64.525	64.545	1
2025-11-05 06:03	64.537	64.545	64.530	64.545	1
2025-11-05 06:04	64.540	64.540	64.515	64.517	1
2025-11-05 06:05	64.515	64.540	64.515	64.527	1
2025-11-05 06:06	64.522	64.525	64.512	64.522	1
2025-11-05 06:07	64.527	64.535	64.522	64.530	1
2025-11-05 06:08	64.522	64.530	64.515	64.517	1
2025-11-05 06:09	64.515	64.520	64.512	64.512	1
2025-11-05 06:10	64.510	64.515	64.505	64.515	1
2025-11-05 06:11	64.510	64.535	64.510	64.535	1
2025-11-05 06:12	64.530	64.535	64.522	64.530	1
2025-11-05 06:13	64.525	64.530	64.512	64.517	1
2025-11-05 06:14	64.525	64.525	64.517	64.517	1
2025-11-05 06:15	64.522	64.522	64.520	64.522	1
2025-11-05 06:16	64.520	64.522	64.515	64.515	1
2025-11-05 06:17	64.520	64.525	64.520	64.525	1
2025-11-05 06:18	64.530	64.560	64.530	64.542	1
2025-11-05 06:19	64.537	64.565	64.537	64.560	1
2025-11-05 06:20	64.555	64.565	64.552	64.560	1
2025-11-05 06:21	64.555	64.560	64.532	64.545	1
2025-11-05 06:22	64.547	64.547	64.540	64.540	1
2025-11-05 06:23	64.532	64.537	64.532	64.537	1
2025-11-05 06:24	64.542	64.545	64.540	64.540	1
2025-11-05 06:25	64.535	64.540	64.535	64.535	1
2025-11-05 06:26	64.530	64.530	64.515	64.515	1
2025-11-05 06:27	64.520	64.520	64.495	64.500	1
2025-11-05 06:28	64.505	64.510	64.492	64.497	1
2025-11-05 06:29	64.495	64.502	64.492	64.492	1
2025-11-05 06:30	64.500	64.500	64.482	64.487	1
2025-11-05 06:31	64.485	64.495	64.472	64.492	1
2025-11-05 06:32	64.497	64.497	64.487	64.487	1
2025-11-05 06:33	64.482	64.540	64.482	64.535	1
2025-11-05 06:34	64.540	64.555	64.530	64.552	1
2025-11-05 06:35	64.550	64.575	64.542	64.542	1
2025-11-05 06:36	64.535	64.545	64.517	64.517	1
2025-11-05 06:37	64.522	64.540	64.522	64.540	1
2025-11-05 06:38	64.535	64.542	64.530	64.540	1
2025-11-05 06:39	64.545	64.545	64.525	64.537	1
2025-11-05 06:40	64.532	64.532	64.530	64.530	1
2025-11-05 06:41	64.520	64.520	64.520	64.520	1
2025-11-05 06:42	64.515	64.515	64.515	64.515	1
2025-11-05 06:43	64.517	64.525	64.512	64.522	1
2025-11-05 06:44	64.520	64.522	64.507	64.515	1
2025-11-05 06:45	64.510	64.515	64.505	64.507	1
2025-11-05 06:46	64.515	64.515	64.502	64.510	1
2025-11-05 06:47	64.502	64.510	64.477	64.482	1
2025-11-05 06:48	64.480	64.495	64.472	64.472	1
2025-11-05 06:49	64.482	64.505	64.482	64.495	1
2025-11-05 06:50	64.492	64.495	64.472	64.475	1
2025-11-05 06:51	64.477	64.477	64.435	64.440	1
2025-11-05 06:52	64.432	64.445	64.432	64.435	1
2025-11-05 06:53	64.430	64.435	64.422	64.422	1
2025-11-05 06:54	64.430	64.435	64.422	64.430	1
2025-11-05 06:55	64.422	64.422	64.382	64.405	1
2025-11-05 06:56	64.415	64.445	64.415	64.442	1
2025-11-05 06:57	64.450	64.462	64.432	64.432	1
2025-11-05 06:58	64.445	64.445	64.425	64.435	1
2025-11-05 06:59	64.437	64.445	64.430	64.437	1
2025-11-05 07:00	64.460	64.485	64.437	64.445	1
2025-11-05 07:01	64.425	64.435	64.420	64.420	1
2025-11-05 07:02	64.422	64.422	64.400	64.400	1
2025-11-05 07:03	64.395	64.405	64.362	64.365	1
2025-11-05 07:04	64.355	64.360	64.332	64.345	1
2025-11-05 07:05	64.350	64.375	64.342	64.370	1
2025-11-05 07:06	64.365	64.392	64.352	64.360	1
2025-11-05 07:07	64.355	64.375	64.310	64.310	1
2025-11-05 07:08	64.302	64.310	64.253	64.292	1
2025-11-05 07:09	64.297	64.345	64.287	64.325	1
2025-11-05 07:10	64.327	64.372	64.327	64.370	1
2025-11-05 07:11	64.365	64.385	64.345	64.352	1
2025-11-05 07:12	64.360	64.372	64.352	64.370	1
2025-11-05 07:13	64.362	64.385	64.362	64.385	1
2025-11-05 07:14	64.380	64.385	64.365	64.367	1
2025-11-05 07:15	64.365	64.375	64.347	64.350	1
2025-11-05 07:16	64.355	64.367	64.350	64.357	1
2025-11-05 07:17	64.352	64.375	64.302	64.312	1
2025-11-05 07:18	64.305	64.315	64.302	64.307	1
2025-11-05 07:19	64.310	64.345	64.310	64.342	1
2025-11-05 07:20	64.355	64.380	64.352	64.370	1
2025-11-05 07:21	64.365	64.370	64.355	64.360	1
2025-11-05 07:22	64.355	64.355	64.332	64.342	1
2025-11-05 07:23	64.340	64.350	64.310	64.340	1
2025-11-05 07:24	64.345	64.355	64.322	64.322	1
2025-11-05 07:25	64.320	64.350	64.315	64.335	1
2025-11-05 07:26	64.330	64.345	64.330	64.335	1
2025-11-05 07:27	64.315	64.355	64.312	64.352	1
2025-11-05 07:28	64.350	64.362	64.340	64.362	1
2025-11-05 07:29	64.360	64.370	64.352	64.362	1
2025-11-05 07:30	64.355	64.377	64.355	64.375	1
2025-11-05 07:31	64.370	64.372	64.347	64.372	1
2025-11-05 07:32	64.365	64.395	64.362	64.392	1
2025-11-05 07:33	64.400	64.415	64.382	64.387	1
2025-11-05 07:34	64.395	64.395	64.367	64.395	1
2025-11-05 07:35	64.392	64.407	64.385	64.402	1
2025-11-05 07:36	64.410	64.415	64.392	64.412	1
2025-11-05 07:37	64.410	64.435	64.410	64.415	1
2025-11-05 07:38	64.410	64.445	64.410	64.422	1
2025-11-05 07:39	64.410	64.410	64.352	64.355	1
2025-11-05 07:40	64.350	64.375	64.350	64.370	1
2025-11-05 07:41	64.380	64.400	64.377	64.397	1
2025-11-05 07:42	64.402	64.402	64.382	64.395	1
2025-11-05 07:43	64.400	64.400	64.352	64.385	1
2025-11-05 07:44	64.387	64.410	64.372	64.392	1
2025-11-05 07:45	64.390	64.415	64.380	64.402	1
2025-11-05 07:46	64.400	64.405	64.382	64.400	1
2025-11-05 07:47	64.405	64.405	64.380	64.390	1
2025-11-05 07:48	64.392	64.397	64.352	64.352	1
2025-11-05 07:49	64.350	64.350	64.325	64.340	1
2025-11-05 07:50	64.345	64.355	64.325	64.337	1
2025-11-05 07:51	64.345	64.385	64.345	64.377	1
2025-11-05 07:52	64.385	64.440	64.378	64.415	1
2025-11-05 07:53	64.410	64.415	64.385	64.385	1
2025-11-05 07:54	64.387	64.435	64.382	64.432	1
2025-11-05 07:55	64.430	64.450	64.427	64.442	1
2025-11-05 07:56	64.440	64.440	64.392	64.395	1
2025-11-05 07:57	64.405	64.445	64.402	64.427	1
2025-11-05 07:58	64.455	64.465	64.437	64.445	1
2025-11-05 07:59	64.437	64.460	64.435	64.450	1
2025-11-05 08:00	64.453	64.475	64.362	64.372	1
2025-11-05 08:01	64.380	64.410	64.380	64.405	1
2025-11-05 08:02	64.395	64.405	64.352	64.352	1
2025-11-05 08:03	64.350	64.385	64.342	64.365	1
2025-11-05 08:04	64.370	64.395	64.367	64.395	1
2025-11-05 08:05	64.415	64.445	64.400	64.427	1
2025-11-05 08:06	64.420	64.430	64.350	64.352	1
2025-11-05 08:07	64.350	64.365	64.260	64.262	1
2025-11-05 08:08	64.257	64.325	64.257	64.310	1
2025-11-05 08:09	64.315	64.355	64.302	64.332	1
2025-11-05 08:10	64.330	64.360	64.322	64.340	1
2025-11-05 08:11	64.332	64.345	64.305	64.310	1
2025-11-05 08:12	64.312	64.340	64.312	64.322	1
2025-11-05 08:13	64.330	64.355	64.322	64.355	1
2025-11-05 08:14	64.350	64.395	64.335	64.382	1
2025-11-05 08:15	64.375	64.380	64.352	64.355	1
2025-11-05 08:16	64.370	64.382	64.352	64.365	1
2025-11-05 08:17	64.375	64.375	64.352	64.375	1
2025-11-05 08:18	64.385	64.385	64.315	64.317	1
2025-11-05 08:19	64.325	64.342	64.312	64.332	1
2025-11-05 08:20	64.340	64.352	64.322	64.340	1
2025-11-05 08:21	64.332	64.352	64.330	64.352	1
2025-11-05 08:22	64.360	64.365	64.335	64.362	1
2025-11-05 08:23	64.345	64.350	64.332	64.342	1
2025-11-05 08:24	64.355	64.355	64.322	64.352	1
2025-11-05 08:25	64.345	64.345	64.312	64.317	1
2025-11-05 08:26	64.312	64.322	64.282	64.292	1
2025-11-05 08:27	64.287	64.292	64.252	64.285	1
2025-11-05 08:28	64.282	64.305	64.262	64.292	1
2025-11-05 08:29	64.305	64.345	64.300	64.315	1
2025-11-05 08:30	64.325	64.355	64.302	64.352	1
2025-11-05 08:31	64.342	64.405	64.342	64.405	1
2025-11-05 08:32	64.378	64.445	64.378	64.442	1
2025-11-05 08:33	64.440	64.455	64.425	64.445	1
2025-11-05 08:34	64.450	64.505	64.442	64.495	1
2025-11-05 08:35	64.505	64.505	64.432	64.432	1
2025-11-05 08:36	64.440	64.445	64.412	64.435	1
2025-11-05 08:37	64.440	64.442	64.425	64.432	1
2025-11-05 08:38	64.437	64.465	64.437	64.462	1
2025-11-05 08:39	64.475	64.495	64.470	64.472	1
2025-11-05 08:40	64.505	64.585	64.497	64.565	1
2025-11-05 08:41	64.570	64.595	64.542	64.562	1
2025-11-05 08:42	64.565	64.575	64.552	64.572	1
2025-11-05 08:43	64.550	64.560	64.512	64.520	1
2025-11-05 08:44	64.525	64.525	64.492	64.492	1
2025-11-05 08:45	64.505	64.525	64.477	64.512	1
2025-11-05 08:46	64.520	64.560	64.510	64.552	1
2025-11-05 08:47	64.565	64.565	64.522	64.540	1
2025-11-05 08:48	64.545	64.560	64.545	64.545	1
2025-11-05 08:49	64.550	64.565	64.512	64.512	1
2025-11-05 08:50	64.500	64.510	64.462	64.485	1
2025-11-05 08:51	64.480	64.482	64.460	64.460	1
2025-11-05 08:52	64.455	64.455	64.425	64.432	1
2025-11-05 08:53	64.455	64.462	64.420	64.457	1
2025-11-05 08:54	64.465	64.465	64.452	64.465	1
2025-11-05 08:55	64.475	64.485	64.462	64.462	1
2025-11-05 08:56	64.470	64.485	64.427	64.445	1
2025-11-05 08:57	64.455	64.470	64.442	64.452	1
2025-11-05 08:58	64.470	64.520	64.470	64.515	1
2025-11-05 08:59	64.525	64.545	64.502	64.515	1
2025-11-05 09:00	64.525	64.565	64.498	64.545	1
2025-11-05 09:01	64.535	64.545	64.510	64.530	1
2025-11-05 09:02	64.532	64.565	64.522	64.532	1
2025-11-05 09:03	64.537	64.552	64.508	64.545	1
2025-11-05 09:04	64.555	64.565	64.542	64.552	1
2025-11-05 09:05	64.565	64.580	64.557	64.575	1
2025-11-05 09:06	64.560	64.645	64.552	64.632	1
2025-11-05 09:07	64.635	64.642	64.612	64.617	1
2025-11-05 09:08	64.625	64.625	64.542	64.552	1
2025-11-05 09:09	64.545	64.555	64.532	64.540	1
2025-11-05 09:10	64.545	64.567	64.542	64.555	1
2025-11-05 09:11	64.560	64.575	64.552	64.555	1
2025-11-05 09:12	64.545	64.550	64.532	64.535	1
2025-11-05 09:13	64.515	64.517	64.502	64.515	1
2025-11-05 09:14	64.520	64.540	64.502	64.502	1
2025-11-05 09:15	64.512	64.520	64.472	64.472	1
2025-11-05 09:16	64.465	64.505	64.462	64.490	1
2025-11-05 09:17	64.492	64.545	64.490	64.542	1
2025-11-05 09:18	64.555	64.585	64.532	64.582	1
2025-11-05 09:19	64.575	64.620	64.572	64.595	1
2025-11-05 09:20	64.585	64.595	64.555	64.567	1
2025-11-05 09:21	64.565	64.570	64.535	64.562	1
2025-11-05 09:22	64.560	64.590	64.555	64.572	1
2025-11-05 09:23	64.585	64.612	64.577	64.580	1
2025-11-05 09:24	64.585	64.587	64.562	64.572	1
2025-11-05 09:25	64.585	64.600	64.582	64.595	1
2025-11-05 09:26	64.600	64.615	64.562	64.580	1
2025-11-05 09:27	64.585	64.595	64.562	64.572	1
2025-11-05 09:28	64.585	64.590	64.562	64.562	1
2025-11-05 09:29	64.585	64.620	64.582	64.605	1
2025-11-05 09:30	64.600	64.665	64.595	64.662	1
2025-11-05 09:31	64.675	64.715	64.675	64.695	1
2025-11-05 09:32	64.705	64.755	64.702	64.732	1
2025-11-05 09:33	64.730	64.745	64.722	64.722	1
2025-11-05 09:34	64.730	64.765	64.725	64.765	1
2025-11-05 09:35	64.760	64.770	64.732	64.732	1
2025-11-05 09:36	64.737	64.755	64.732	64.752	1
2025-11-05 09:37	64.765	64.775	64.732	64.765	1
2025-11-05 09:38	64.775	64.842	64.762	64.830	1
2025-11-05 09:39	64.822	64.835	64.762	64.767	1
2025-11-05 09:40	64.765	64.775	64.702	64.715	1
2025-11-05 09:41	64.710	64.735	64.702	64.722	1
2025-11-05 09:42	64.735	64.742	64.705	64.715	1
2025-11-05 09:43	64.720	64.735	64.715	64.722	1
2025-11-05 09:44	64.715	64.720	64.692	64.715	1
2025-11-05 09:45	64.725	64.735	64.712	64.735	1
2025-11-05 09:46	64.725	64.725	64.712	64.712	1
2025-11-05 09:47	64.705	64.715	64.702	64.702	1
2025-11-05 09:48	64.700	64.707	64.682	64.682	1
2025-11-05 09:49	64.680	64.705	64.672	64.702	1
2025-11-05 09:50	64.700	64.732	64.692	64.710	1
2025-11-05 09:51	64.715	64.725	64.705	64.717	1
2025-11-05 09:52	64.715	64.730	64.715	64.730	1
2025-11-05 09:53	64.735	64.735	64.700	64.700	1
2025-11-05 09:54	64.695	64.695	64.642	64.655	1
2025-11-05 09:55	64.665	64.700	64.662	64.672	1
2025-11-05 09:56	64.685	64.695	64.672	64.687	1
2025-11-05 09:57	64.682	64.725	64.682	64.725	1
2025-11-05 09:58	64.715	64.722	64.710	64.710	1
2025-11-05 09:59	64.712	64.725	64.707	64.722	1
2025-11-05 10:00	64.745	64.745	64.705	64.712	1
2025-11-05 10:01	64.710	64.735	64.702	64.732	1
2025-11-05 10:02	64.745	64.805	64.742	64.775	1
2025-11-05 10:03	64.780	64.795	64.752	64.752	1
2025-11-05 10:04	64.745	64.770	64.732	64.732	1
2025-11-05 10:05	64.740	64.772	64.722	64.722	1
2025-11-05 10:06	64.717	64.760	64.717	64.752	1
2025-11-05 10:07	64.760	64.812	64.755	64.812	1
2025-11-05 10:08	64.820	64.825	64.802	64.812	1
2025-11-05 10:09	64.810	64.825	64.802	64.815	1
2025-11-05 10:10	64.820	64.842	64.812	64.830	1
2025-11-05 10:11	64.832	64.855	64.830	64.852	1
2025-11-05 10:12	64.865	64.895	64.852	64.862	1
2025-11-05 10:13	64.860	64.880	64.852	64.862	1
2025-11-05 10:14	64.855	64.855	64.835	64.842	1
2025-11-05 10:15	64.835	64.855	64.832	64.845	1
2025-11-05 10:16	64.855	64.855	64.845	64.855	1
2025-11-05 10:17	64.835	64.835	64.785	64.790	1
2025-11-05 10:18	64.792	64.805	64.782	64.795	1
2025-11-05 10:19	64.800	64.800	64.782	64.782	1
2025-11-05 10:20	64.792	64.825	64.792	64.822	1
2025-11-05 10:21	64.815	64.845	64.798	64.832	1
2025-11-05 10:22	64.840	64.845	64.812	64.845	1
2025-11-05 10:23	64.850	64.880	64.850	64.880	1
2025-11-05 10:24	64.882	64.902	64.862	64.872	1
2025-11-05 10:25	64.880	64.885	64.855	64.860	1
2025-11-05 10:26	64.865	64.865	64.812	64.852	1
2025-11-05 10:27	64.845	64.862	64.835	64.860	1
2025-11-05 10:28	64.865	64.890	64.835	64.880	1
2025-11-05 10:29	64.885	64.885	64.832	64.832	1
2025-11-05 10:30	64.845	64.875	64.842	64.852	1
2025-11-05 10:31	64.865	64.890	64.862	64.880	1
2025-11-05 10:32	64.885	64.890	64.872	64.875	1
2025-11-05 10:33	64.872	64.920	64.872	64.890	1
2025-11-05 10:34	64.895	64.895	64.852	64.875	1
2025-11-05 10:35	64.870	64.875	64.842	64.860	1
2025-11-05 10:36	64.852	64.852	64.832	64.835	1
2025-11-05 10:37	64.825	64.850	64.822	64.845	1
2025-11-05 10:38	64.835	64.875	64.822	64.872	1
2025-11-05 10:39	64.880	64.890	64.872	64.890	1
2025-11-05 10:40	64.895	64.900	64.862	64.880	1
2025-11-05 10:41	64.875	64.875	64.840	64.850	1
2025-11-05 10:42	64.842	64.855	64.817	64.835	1
2025-11-05 10:43	64.825	64.835	64.822	64.832	1
2025-11-05 10:44	64.845	64.845	64.832	64.832	1
2025-11-05 10:45	64.840	64.855	64.830	64.847	1
2025-11-05 10:46	64.842	64.865	64.842	64.862	1
2025-11-05 10:47	64.875	64.875	64.865	64.865	1
2025-11-05 10:48	64.870	64.900	64.862	64.882	1
2025-11-05 10:49	64.895	64.905	64.892	64.905	1
2025-11-05 10:50	64.895	64.895	64.882	64.895	1
2025-11-05 10:51	64.885	64.895	64.875	64.882	1
2025-11-05 10:52	64.875	64.880	64.862	64.862	1
2025-11-05 10:53	64.875	64.885	64.852	64.852	1
2025-11-05 10:54	64.860	64.875	64.850	64.852	1
2025-11-05 10:55	64.865	64.865	64.775	64.780	1
2025-11-05 10:56	64.775	64.775	64.732	64.752	1
2025-11-05 10:57	64.745	64.755	64.735	64.740	1
2025-11-05 10:58	64.735	64.752	64.735	64.750	1
2025-11-05 10:59	64.745	64.760	64.742	64.750	1
2025-11-05 11:00	64.735	64.750	64.725	64.732	1
2025-11-05 11:01	64.730	64.825	64.722	64.822	1
2025-11-05 11:02	64.820	64.835	64.812	64.825	1
2025-11-05 11:03	64.835	64.852	64.832	64.837	1
2025-11-05 11:04	64.845	64.855	64.840	64.852	1
2025-11-05 11:05	64.845	64.855	64.842	64.852	1
2025-11-05 11:06	64.860	64.885	64.855	64.855	1
2025-11-05 11:07	64.850	64.855	64.830	64.830	1
2025-11-05 11:08	64.832	64.845	64.832	64.842	1
2025-11-05 11:09	64.835	64.840	64.812	64.815	1
2025-11-05 11:10	64.805	64.810	64.765	64.765	1
2025-11-05 11:11	64.762	64.762	64.742	64.750	1
2025-11-05 11:12	64.755	64.755	64.732	64.742	1
2025-11-05 11:13	64.740	64.755	64.702	64.705	1
2025-11-05 11:14	64.707	64.707	64.672	64.692	1
2025-11-05 11:15	64.690	64.705	64.672	64.695	1
2025-11-05 11:16	64.705	64.705	64.692	64.695	1
2025-11-05 11:17	64.705	64.705	64.655	64.672	1
2025-11-05 11:18	64.685	64.695	64.675	64.680	1
2025-11-05 11:19	64.672	64.695	64.672	64.672	1
2025-11-05 11:20	64.685	64.690	64.652	64.652	1
2025-11-05 11:21	64.645	64.645	64.605	64.605	1
2025-11-05 11:22	64.610	64.610	64.582	64.585	1
2025-11-05 11:23	64.590	64.590	64.542	64.552	1
2025-11-05 11:24	64.545	64.570	64.542	64.570	1
2025-11-05 11:25	64.575	64.585	64.562	64.562	1
2025-11-05 11:26	64.570	64.615	64.570	64.602	1
2025-11-05 11:27	64.615	64.615	64.582	64.582	1
2025-11-05 11:28	64.575	64.595	64.562	64.575	1
2025-11-05 11:29	64.565	64.575	64.535	64.575	1
2025-11-05 11:30	64.585	64.635	64.582	64.622	1
2025-11-05 11:31	64.630	64.635	64.602	64.612	1
2025-11-05 11:32	64.610	64.612	64.585	64.595	1
2025-11-05 11:33	64.585	64.585	64.555	64.565	1
2025-11-05 11:34	64.552	64.585	64.552	64.572	1
2025-11-05 11:35	64.570	64.585	64.570	64.585	1
2025-11-05 11:36	64.570	64.575	64.555	64.570	1
2025-11-05 11:37	64.572	64.572	64.540	64.557	1
2025-11-05 11:38	64.550	64.555	64.540	64.540	1
2025-11-05 11:39	64.535	64.565	64.535	64.552	1
2025-11-05 11:40	64.550	64.560	64.542	64.552	1
2025-11-05 11:41	64.550	64.550	64.532	64.542	1
2025-11-05 11:42	64.550	64.555	64.532	64.537	1
2025-11-05 11:43	64.545	64.550	64.535	64.537	1
2025-11-05 11:44	64.535	64.550	64.492	64.500	1
2025-11-05 11:45	64.492	64.510	64.492	64.507	1
2025-11-05 11:46	64.515	64.525	64.502	64.502	1
2025-11-05 11:47	64.515	64.515	64.505	64.515	1
2025-11-05 11:48	64.525	64.525	64.515	64.515	1
2025-11-05 11:49	64.520	64.520	64.502	64.502	1
2025-11-05 11:50	64.515	64.515	64.502	64.515	1
2025-11-05 11:51	64.510	64.520	64.502	64.520	1
2025-11-05 11:52	64.515	64.515	64.485	64.485	1
2025-11-05 11:53	64.495	64.505	64.492	64.500	1
2025-11-05 11:54	64.502	64.505	64.492	64.492	1
2025-11-05 11:55	64.480	64.485	64.452	64.452	1
2025-11-05 11:56	64.445	64.455	64.422	64.432	1
2025-11-05 11:57	64.445	64.455	64.392	64.402	1
2025-11-05 11:58	64.395	64.415	64.392	64.402	1
2025-11-05 11:59	64.395	64.405	64.380	64.392	1
2025-11-05 12:00	64.372	64.385	64.272	64.297	1
2025-11-05 12:01	64.292	64.300	64.212	64.212	1
2025-11-05 12:02	64.210	64.225	64.162	64.185	1
2025-11-05 12:03	64.175	64.205	64.162	64.172	1
2025-11-05 12:04	64.165	64.205	64.142	64.182	1
2025-11-05 12:05	64.175	64.185	64.162	64.175	1
2025-11-05 12:06	64.170	64.180	64.152	64.162	1
2025-11-05 12:07	64.175	64.175	64.152	64.160	1
2025-11-05 12:08	64.165	64.175	64.152	64.162	1
2025-11-05 12:09	64.175	64.175	64.172	64.172	1
2025-11-05 12:10	64.165	64.165	64.092	64.125	1
2025-11-05 12:11	64.120	64.125	64.107	64.115	1
2025-11-05 12:12	64.105	64.125	64.102	64.112	1
2025-11-05 12:13	64.110	64.115	64.052	64.085	1
2025-11-05 12:14	64.090	64.095	64.072	64.085	1
2025-11-05 12:15	64.100	64.135	64.082	64.132	1
2025-11-05 12:16	64.125	64.175	64.112	64.175	1
2025-11-05 12:17	64.162	64.250	64.162	64.245	1
2025-11-05 12:18	64.255	64.255	64.202	64.232	1
2025-11-05 12:19	64.230	64.250	64.230	64.242	1
2025-11-05 12:20	64.240	64.280	64.240	64.275	1
2025-11-05 12:21	64.270	64.285	64.265	64.285	1
2025-11-05 12:22	64.290	64.330	64.290	64.322	1
2025-11-05 12:23	64.315	64.325	64.302	64.312	1
2025-11-05 12:24	64.322	64.332	64.305	64.322	1
2025-11-05 12:25	64.335	64.345	64.312	64.345	1
2025-11-05 12:26	64.340	64.350	64.327	64.347	1
2025-11-05 12:27	64.345	64.362	64.342	64.342	1
2025-11-05 12:28	64.340	64.340	64.270	64.282	1
2025-11-05 12:29	64.275	64.285	64.272	64.275	1
2025-11-05 12:30	64.285	64.315	64.282	64.292	1
2025-11-05 12:31	64.305	64.305	64.292	64.295	1
2025-11-05 12:32	64.290	64.290	64.252	64.265	1
2025-11-05 12:33	64.270	64.275	64.262	64.267	1
2025-11-05 12:34	64.272	64.272	64.225	64.242	1
2025-11-05 12:35	64.235	64.235	64.212	64.212	1
2025-11-05 12:36	64.205	64.205	64.187	64.205	1
2025-11-05 12:37	64.195	64.215	64.177	64.205	1
2025-11-05 12:38	64.200	64.225	64.192	64.225	1
2025-11-05 12:39	64.235	64.255	64.230	64.245	1
2025-11-05 12:40	64.250	64.252	64.217	64.217	1
2025-11-05 12:41	64.215	64.250	64.215	64.235	1
2025-11-05 12:42	64.230	64.255	64.230	64.235	1
2025-11-05 12:43	64.245	64.255	64.232	64.235	1
2025-11-05 12:44	64.245	64.255	64.235	64.245	1
2025-11-05 12:45	64.230	64.315	64.225	64.295	1
2025-11-05 12:46	64.315	64.315	64.272	64.272	1
2025-11-05 12:47	64.285	64.290	64.272	64.285	1
2025-11-05 12:48	64.275	64.285	64.272	64.272	1
2025-11-05 12:49	64.285	64.295	64.272	64.272	1
2025-11-05 12:50	64.265	64.275	64.262	64.270	1
2025-11-05 12:51	64.262	64.275	64.252	64.272	1
2025-11-05 12:52	64.285	64.285	64.252	64.252	1
2025-11-05 12:53	64.240	64.255	64.235	64.255	1
2025-11-05 12:54	64.245	64.245	64.205	64.205	1
2025-11-05 12:55	64.215	64.215	64.202	64.207	1
2025-11-05 12:56	64.215	64.275	64.215	64.272	1
2025-11-05 12:57	64.285	64.285	64.242	64.257	1
2025-11-05 12:58	64.255	64.265	64.230	64.232	1
2025-11-05 12:59	64.225	64.235	64.222	64.225	1
2025-11-05 13:00	64.235	64.255	64.222	64.245	1
2025-11-05 13:01	64.240	64.242	64.175	64.195	1
2025-11-05 13:02	64.202	64.225	64.195	64.205	1
2025-11-05 13:03	64.210	64.245	64.202	64.242	1
2025-11-05 13:04	64.255	64.262	64.232	64.260	1
2025-11-05 13:05	64.255	64.255	64.202	64.215	1
2025-11-05 13:06	64.205	64.205	64.165	64.165	1
2025-11-05 13:07	64.170	64.210	64.162	64.172	1
2025-11-05 13:08	64.195	64.205	64.185	64.185	1
2025-11-05 13:09	64.195	64.215	64.182	64.212	1
2025-11-05 13:10	64.200	64.205	64.175	64.182	1
2025-11-05 13:11	64.180	64.185	64.157	64.157	1
2025-11-05 13:12	64.160	64.172	64.135	64.152	1
2025-11-05 13:13	64.145	64.175	64.137	64.145	1
2025-11-05 13:14	64.155	64.165	64.145	64.160	1
2025-11-05 13:15	64.150	64.190	64.142	64.172	1
2025-11-05 13:16	64.180	64.180	64.142	64.160	1
2025-11-05 13:17	64.155	64.165	64.065	64.072	1
2025-11-05 13:18	64.085	64.095	64.065	64.065	1
2025-11-05 13:19	64.065	64.085	64.042	64.082	1
2025-11-05 13:20	64.090	64.105	64.082	64.095	1
2025-11-05 13:21	64.105	64.125	64.102	64.122	1
2025-11-05 13:22	64.135	64.135	64.052	64.062	1
2025-11-05 13:23	64.075	64.075	64.042	64.042	1
2025-11-05 13:24	64.055	64.075	64.050	64.062	1
2025-11-05 13:25	64.075	64.115	64.072	64.112	1
2025-11-05 13:26	64.105	64.115	64.070	64.070	1
2025-11-05 13:27	64.075	64.122	64.062	64.102	1
2025-11-05 13:28	64.095	64.120	64.092	64.095	1
2025-11-05 13:29	64.105	64.132	64.100	64.110	1
2025-11-05 13:30	64.102	64.155	64.090	64.122	1
2025-11-05 13:31	64.135	64.185	64.122	64.185	1
2025-11-05 13:32	64.175	64.195	64.172	64.177	1
2025-11-05 13:33	64.185	64.195	64.170	64.172	1
2025-11-05 13:34	64.165	64.195	64.162	64.185	1
2025-11-05 13:35	64.190	64.195	64.122	64.162	1
2025-11-05 13:36	64.175	64.175	64.160	64.160	1
2025-11-05 13:37	64.165	64.215	64.165	64.212	1
2025-11-05 13:38	64.225	64.242	64.212	64.225	1
2025-11-05 13:39	64.210	64.225	64.207	64.225	1
2025-11-05 13:40	64.210	64.215	64.160	64.160	1
2025-11-05 13:41	64.175	64.195	64.172	64.180	1
2025-11-05 13:42	64.185	64.192	64.175	64.182	1
2025-11-05 13:43	64.180	64.205	64.170	64.200	1
2025-11-05 13:44	64.205	64.205	64.112	64.115	1
2025-11-05 13:45	64.110	64.125	64.100	64.110	1
2025-11-05 13:46	64.112	64.115	64.072	64.085	1
2025-11-05 13:47	64.075	64.105	64.075	64.095	1
2025-11-05 13:48	64.100	64.105	64.067	64.075	1
2025-11-05 13:49	64.080	64.080	64.032	64.042	1
2025-11-05 13:50	64.055	64.075	64.052	64.075	1
2025-11-05 13:51	64.080	64.095	64.072	64.082	1
2025-11-05 13:52	64.095	64.140	64.082	64.132	1
2025-11-05 13:53	64.145	64.165	64.132	64.137	1
2025-11-05 13:54	64.132	64.175	64.130	64.172	1
2025-11-05 13:55	64.170	64.215	64.170	64.170	1
2025-11-05 13:56	64.175	64.175	64.108	64.147	1
2025-11-05 13:57	64.155	64.170	64.147	64.152	1
2025-11-05 13:58	64.160	64.162	64.122	64.132	1
2025-11-05 13:59	64.127	64.145	64.127	64.142	1
2025-11-05 14:00	64.130	64.135	64.062	64.100	1
2025-11-05 14:01	64.092	64.115	64.052	64.072	1
2025-11-05 14:02	64.085	64.105	64.065	64.090	1
2025-11-05 14:03	64.085	64.100	64.052	64.092	1
2025-11-05 14:04	64.085	64.095	64.072	64.082	1
2025-11-05 14:05	64.090	64.090	63.985	64.010	1
2025-11-05 14:06	64.015	64.065	63.995	64.062	1
2025-11-05 14:07	64.060	64.070	64.042	64.065	1
2025-11-05 14:08	64.075	64.075	64.055	64.060	1
2025-11-05 14:09	64.055	64.095	64.037	64.052	1
2025-11-05 14:10	64.050	64.050	64.002	64.012	1
2025-11-05 14:11	64.020	64.025	63.992	64.002	1
2025-11-05 14:12	64.010	64.035	64.010	64.032	1
2025-11-05 14:13	64.045	64.045	64.022	64.042	1
2025-11-05 14:14	64.040	64.082	64.040	64.080	1
2025-11-05 14:15	64.075	64.075	64.040	64.065	1
2025-11-05 14:16	64.060	64.115	64.052	64.112	1
2025-11-05 14:17	64.125	64.125	64.092	64.102	1
2025-11-05 14:18	64.095	64.100	64.012	64.022	1
2025-11-05 14:19	64.035	64.055	64.032	64.042	1
2025-11-05 14:20	64.050	64.065	64.042	64.062	1
2025-11-05 14:21	64.055	64.085	64.050	64.072	1
2025-11-05 14:22	64.080	64.095	64.062	64.092	1
2025-11-05 14:23	64.090	64.095	64.072	64.080	1
2025-11-05 14:24	64.075	64.120	64.075	64.105	1
2025-11-05 14:25	64.110	64.135	64.110	64.112	1
2025-11-05 14:26	64.105	64.115	64.085	64.115	1
2025-11-05 14:27	64.120	64.140	64.112	64.132	1
2025-11-05 14:28	64.130	64.135	64.112	64.112	1
2025-11-05 14:29	64.120	64.135	64.075	64.080	1
2025-11-05 14:30	64.085	64.085	64.052	64.075	1
2025-11-05 14:31	64.070	64.095	64.065	64.075	1
2025-11-05 14:32	64.085	64.090	64.032	64.060	1
2025-11-05 14:33	64.055	64.055	64.012	64.032	1
2025-11-05 14:34	64.042	64.050	63.992	63.995	1
2025-11-05 14:35	63.982	64.005	63.952	63.992	1
2025-11-05 14:36	64.000	64.000	63.972	63.982	1
2025-11-05 14:37	63.975	64.015	63.972	64.012	1
2025-11-05 14:38	64.025	64.025	63.990	64.005	1
2025-11-05 14:39	64.015	64.065	64.012	64.042	1
2025-11-05 14:40	64.035	64.075	64.022	64.055	1
2025-11-05 14:41	64.045	64.080	64.042	64.052	1
2025-11-05 14:42	64.060	64.105	64.040	64.050	1
2025-11-05 14:43	64.052	64.095	64.042	64.070	1
2025-11-05 14:44	64.062	64.105	64.042	64.072	1
2025-11-05 14:45	64.085	64.115	64.062	64.102	1
2025-11-05 14:46	64.100	64.102	64.082	64.095	1
2025-11-05 14:47	64.087	64.125	64.080	64.080	1
2025-11-05 14:48	64.082	64.105	64.057	64.062	1
2025-11-05 14:49	64.057	64.065	64.020	64.030	1
2025-11-05 14:50	64.025	64.060	63.985	64.045	1
2025-11-05 14:51	64.050	64.075	64.042	64.057	1
2025-11-05 14:52	64.055	64.105	64.045	64.082	1
2025-11-05 14:53	64.090	64.145	64.070	64.142	1
2025-11-05 14:54	64.150	64.192	64.150	64.172	1
2025-11-05 14:55	64.185	64.190	64.122	64.122	1
2025-11-05 14:56	64.105	64.125	64.085	64.122	1
2025-11-05 14:57	64.130	64.135	64.092	64.105	1
2025-11-05 14:58	64.110	64.120	64.080	64.085	1
2025-11-05 14:59	64.075	64.075	64.047	64.072	1
2025-11-05 15:00	64.068	64.125	64.050	64.105	1
2025-11-05 15:01	64.107	64.137	64.100	64.112	1
2025-11-05 15:02	64.095	64.110	64.072	64.085	1
2025-11-05 15:03	64.090	64.095	64.062	64.085	1
2025-11-05 15:04	64.090	64.100	64.072	64.085	1
2025-11-05 15:05	64.095	64.145	64.072	64.132	1
2025-11-05 15:06	64.140	64.200	64.137	64.195	1
2025-11-05 15:07	64.190	64.225	64.162	64.195	1
2025-11-05 15:08	64.200	64.260	64.200	64.232	1
2025-11-05 15:09	64.237	64.245	64.207	64.212	1
2025-11-05 15:10	64.190	64.205	64.142	64.142	1
2025-11-05 15:11	64.135	64.135	64.072	64.092	1
2025-11-05 15:12	64.105	64.120	64.082	64.105	1
2025-11-05 15:13	64.120	64.145	64.105	64.120	1
2025-11-05 15:14	64.125	64.165	64.122	64.160	1
2025-11-05 15:15	64.175	64.175	64.082	64.092	1
2025-11-05 15:16	64.090	64.095	64.037	64.037	1
2025-11-05 15:17	64.042	64.075	64.030	64.072	1
2025-11-05 15:18	64.065	64.095	64.052	64.072	1
2025-11-05 15:19	64.085	64.087	64.052	64.085	1
2025-11-05 15:20	64.095	64.135	64.078	64.112	1
2025-11-05 15:21	64.125	64.125	64.102	64.102	1
2025-11-05 15:22	64.110	64.115	64.085	64.105	1
2025-11-05 15:23	64.110	64.125	64.095	64.125	1
2025-11-05 15:24	64.135	64.160	64.095	64.155	1
2025-11-05 15:25	64.165	64.165	64.122	64.137	1
2025-11-05 15:26	64.135	64.185	64.132	64.172	1
2025-11-05 15:27	64.185	64.200	64.162	64.187	1
2025-11-05 15:28	64.200	64.200	64.147	64.150	1
2025-11-05 15:29	64.155	64.170	64.147	64.157	1
2025-11-05 15:30	64.152	64.190	64.040	64.182	1
2025-11-05 15:31	64.190	64.255	64.162	64.230	1
2025-11-05 15:32	64.225	64.270	64.205	64.225	1
2025-11-05 15:33	64.235	64.240	64.190	64.190	1
2025-11-05 15:34	64.185	64.225	64.177	64.222	1
2025-11-05 15:35	64.212	64.225	64.158	64.212	1
2025-11-05 15:36	64.220	64.220	64.147	64.182	1
2025-11-05 15:37	64.195	64.242	64.152	64.207	1
2025-11-05 15:38	64.205	64.215	64.155	64.205	1
2025-11-05 15:39	64.200	64.240	64.192	64.205	1
2025-11-05 15:40	64.200	64.240	64.177	64.225	1
2025-11-05 15:41	64.222	64.295	64.222	64.265	1
2025-11-05 15:42	64.250	64.275	64.222	64.272	1
2025-11-05 15:43	64.280	64.365	64.262	64.355	1
2025-11-05 15:44	64.365	64.395	64.322	64.322	1
2025-11-05 15:45	64.330	64.332	64.252	64.290	1
2025-11-05 15:46	64.285	64.365	64.282	64.332	1
2025-11-05 15:47	64.330	64.372	64.325	64.370	1
2025-11-05 15:48	64.362	64.425	64.362	64.395	1
2025-11-05 15:49	64.392	64.395	64.357	64.385	1
2025-11-05 15:50	64.375	64.450	64.375	64.447	1
2025-11-05 15:51	64.440	64.475	64.437	64.452	1
2025-11-05 15:52	64.460	64.465	64.422	64.457	1
2025-11-05 15:53	64.465	64.495	64.422	64.472	1
2025-11-05 15:54	64.485	64.500	64.462	64.485	1
2025-11-05 15:55	64.482	64.545	64.480	64.500	1
2025-11-05 15:56	64.495	64.507	64.452	64.495	1
2025-11-05 15:57	64.490	64.555	64.487	64.527	1
2025-11-05 15:58	64.532	64.540	64.492	64.525	1
2025-11-05 15:59	64.535	64.615	64.532	64.590	1
2025-11-05 16:00	64.592	64.632	64.562	64.632	1
2025-11-05 16:01	64.640	64.685	64.622	64.622	1
2025-11-05 16:02	64.635	64.695	64.615	64.615	1
2025-11-05 16:03	64.625	64.655	64.605	64.632	1
2025-11-05 16:04	64.640	64.670	64.622	64.662	1
2025-11-05 16:05	64.655	64.675	64.640	64.640	1
2025-11-05 16:06	64.632	64.645	64.592	64.595	1
2025-11-05 16:07	64.585	64.645	64.582	64.607	1
2025-11-05 16:08	64.605	64.605	64.552	64.565	1
2025-11-05 16:09	64.575	64.610	64.565	64.595	1
2025-11-05 16:10	64.600	64.615	64.532	64.535	1
2025-11-05 16:11	64.525	64.547	64.500	64.540	1
2025-11-05 16:12	64.535	64.555	64.505	64.555	1
2025-11-05 16:13	64.550	64.595	64.542	64.590	1
2025-11-05 16:14	64.582	64.612	64.515	64.525	1
2025-11-05 16:15	64.520	64.562	64.487	64.552	1
2025-11-05 16:16	64.560	64.562	64.455	64.480	1
2025-11-05 16:17	64.482	64.482	64.422	64.422	1
2025-11-05 16:18	64.430	64.445	64.392	64.425	1
2025-11-05 16:19	64.435	64.465	64.432	64.452	1
2025-11-05 16:20	64.460	64.505	64.455	64.502	1
2025-11-05 16:21	64.510	64.525	64.482	64.517	1
2025-11-05 16:22	64.525	64.525	64.472	64.472	1
2025-11-05 16:23	64.485	64.505	64.462	64.462	1
2025-11-05 16:24	64.475	64.475	64.435	64.440	1
2025-11-05 16:25	64.435	64.445	64.335	64.337	1
2025-11-05 16:26	64.345	64.415	64.335	64.390	1
2025-11-05 16:27	64.385	64.390	64.307	64.342	1
2025-11-05 16:28	64.340	64.345	64.312	64.327	1
2025-11-05 16:29	64.322	64.400	64.315	64.365	1
2025-11-05 16:30	64.355	64.385	64.302	64.302	1
2025-11-05 16:31	64.297	64.317	64.282	64.292	1
2025-11-05 16:32	64.275	64.315	64.275	64.290	1
2025-11-05 16:33	64.285	64.305	64.202	64.235	1
2025-11-05 16:34	64.245	64.250	64.142	64.157	1
2025-11-05 16:35	64.155	64.175	64.117	64.132	1
2025-11-05 16:36	64.125	64.155	64.085	64.100	1
2025-11-05 16:37	64.092	64.105	64.002	64.012	1
2025-11-05 16:38	64.030	64.085	64.022	64.062	1
2025-11-05 16:39	64.055	64.115	64.052	64.077	1
2025-11-05 16:40	64.070	64.085	64.052	64.052	1
2025-11-05 16:41	64.035	64.052	64.012	64.042	1
2025-11-05 16:42	64.055	64.082	64.032	64.072	1
2025-11-05 16:43	64.085	64.085	64.015	64.042	1
2025-11-05 16:44	64.035	64.045	63.862	63.862	1
2025-11-05 16:45	63.862	63.862	63.795	63.815	1
2025-11-05 16:46	63.795	63.835	63.735	63.795	1
2025-11-05 16:47	63.785	63.935	63.778	63.922	1
2025-11-05 16:48	63.920	63.945	63.892	63.942	1
2025-11-05 16:49	63.940	63.965	63.922	63.922	1
2025-11-05 16:50	63.920	63.920	63.802	63.815	1
2025-11-05 16:51	63.820	63.885	63.805	63.885	1
2025-11-05 16:52	63.875	63.900	63.822	63.850	1
2025-11-05 16:53	63.855	63.855	63.797	63.820	1
2025-11-05 16:54	63.812	63.835	63.802	63.802	1
2025-11-05 16:55	63.800	63.810	63.772	63.792	1
2025-11-05 16:56	63.790	63.805	63.755	63.755	1
2025-11-05 16:57	63.765	63.775	63.732	63.732	1
2025-11-05 16:58	63.715	63.735	63.702	63.725	1
2025-11-05 16:59	63.730	63.730	63.702	63.705	1
2025-11-05 17:00	63.710	63.765	63.698	63.762	1
2025-11-05 17:01	63.760	63.785	63.742	63.742	1
2025-11-05 17:02	63.750	63.755	63.712	63.745	1
2025-11-05 17:03	63.735	63.745	63.682	63.722	1
2025-11-05 17:04	63.715	63.720	63.622	63.625	1
2025-11-05 17:05	63.630	63.710	63.622	63.692	1
2025-11-05 17:06	63.675	63.695	63.612	63.612	1
2025-11-05 17:07	63.625	63.675	63.617	63.635	1
2025-11-05 17:08	63.645	63.645	63.572	63.635	1
2025-11-05 17:09	63.630	63.705	63.612	63.700	1
2025-11-05 17:10	63.702	63.745	63.695	63.722	1
2025-11-05 17:11	63.715	63.715	63.642	63.652	1
2025-11-05 17:12	63.645	63.695	63.645	63.682	1
2025-11-05 17:13	63.690	63.745	63.690	63.702	1
2025-11-05 17:14	63.715	63.720	63.682	63.700	1
2025-11-05 17:15	63.712	63.747	63.702	63.745	1
2025-11-05 17:16	63.740	63.740	63.692	63.722	1
2025-11-05 17:17	63.715	63.745	63.705	63.705	1
2025-11-05 17:18	63.700	63.785	63.700	63.772	1
2025-11-05 17:19	63.770	63.770	63.742	63.745	1
2025-11-05 17:20	63.740	63.785	63.712	63.775	1
2025-11-05 17:21	63.772	63.772	63.742	63.752	1
2025-11-05 17:22	63.745	63.750	63.742	63.742	1
2025-11-05 17:23	63.750	63.765	63.722	63.732	1
2025-11-05 17:24	63.745	63.765	63.732	63.755	1
2025-11-05 17:25	63.765	63.765	63.730	63.740	1
2025-11-05 17:26	63.742	63.742	63.722	63.725	1
2025-11-05 17:27	63.735	63.745	63.705	63.712	1
2025-11-05 17:28	63.705	63.720	63.690	63.697	1
2025-11-05 17:29	63.705	63.715	63.672	63.675	1
2025-11-05 17:30	63.665	63.665	63.602	63.610	1
2025-11-05 17:31	63.605	63.610	63.542	63.550	1
2025-11-05 17:32	63.555	63.565	63.532	63.535	1
2025-11-05 17:33	63.545	63.625	63.532	63.615	1
2025-11-05 17:34	63.625	63.635	63.612	63.615	1
2025-11-05 17:35	63.625	63.635	63.612	63.620	1
2025-11-05 17:36	63.612	63.665	63.612	63.612	1
2025-11-05 17:37	63.620	63.642	63.612	63.642	1
2025-11-05 17:38	63.655	63.685	63.655	63.662	1
2025-11-05 17:39	63.670	63.690	63.670	63.685	1
2025-11-05 17:40	63.677	63.677	63.640	63.652	1
2025-11-05 17:41	63.650	63.652	63.635	63.642	1
2025-11-05 17:42	63.660	63.685	63.657	63.682	1
2025-11-05 17:43	63.675	63.725	63.660	63.720	1
2025-11-05 17:44	63.725	63.725	63.662	63.665	1
2025-11-05 17:45	63.660	63.680	63.647	63.672	1
2025-11-05 17:46	63.685	63.715	63.675	63.712	1
2025-11-05 17:47	63.720	63.720	63.682	63.700	1
2025-11-05 17:48	63.705	63.710	63.685	63.702	1
2025-11-05 17:49	63.715	63.715	63.652	63.657	1
2025-11-05 17:50	63.655	63.677	63.655	63.665	1
2025-11-05 17:51	63.670	63.685	63.665	63.675	1
2025-11-05 17:52	63.670	63.675	63.662	63.662	1
2025-11-05 17:53	63.660	63.695	63.660	63.672	1
2025-11-05 17:54	63.670	63.672	63.652	63.652	1
2025-11-05 17:55	63.650	63.652	63.622	63.622	1
2025-11-05 17:56	63.635	63.670	63.632	63.665	1
2025-11-05 17:57	63.675	63.675	63.652	63.662	1
2025-11-05 17:58	63.675	63.675	63.640	63.652	1
2025-11-05 17:59	63.665	63.665	63.632	63.642	1
2025-11-05 18:00	63.635	63.685	63.612	63.682	1
2025-11-05 18:01	63.645	63.655	63.582	63.582	1
2025-11-05 18:02	63.590	63.622	63.572	63.605	1
2025-11-05 18:03	63.605	63.605	63.572	63.585	1
2025-11-05 18:04	63.577	63.582	63.562	63.572	1
2025-11-05 18:05	63.595	63.622	63.590	63.600	1
2025-11-05 18:06	63.595	63.615	63.585	63.615	1
2025-11-05 18:07	63.625	63.625	63.572	63.582	1
2025-11-05 18:08	63.595	63.615	63.585	63.612	1
2025-11-05 18:09	63.625	63.625	63.592	63.607	1
2025-11-05 18:10	63.605	63.605	63.582	63.582	1
2025-11-05 18:11	63.580	63.585	63.562	63.565	1
2025-11-05 18:12	63.555	63.565	63.552	63.562	1
2025-11-05 18:13	63.557	63.575	63.552	63.565	1
2025-11-05 18:14	63.585	63.605	63.580	63.602	1
2025-11-05 18:15	63.600	63.625	63.582	63.620	1
2025-11-05 18:16	63.615	63.625	63.592	63.612	1
2025-11-05 18:17	63.625	63.645	63.622	63.632	1
2025-11-05 18:18	63.645	63.645	63.622	63.622	1
2025-11-05 18:19	63.615	63.625	63.612	63.625	1
2025-11-05 18:20	63.635	63.635	63.622	63.622	1
2025-11-05 18:21	63.615	63.625	63.612	63.615	1
2025-11-05 18:22	63.605	63.625	63.597	63.622	1
2025-11-05 18:23	63.620	63.640	63.605	63.632	1
2025-11-05 18:24	63.625	63.645	63.620	63.620	1
2025-11-05 18:25	63.622	63.655	63.622	63.655	1
2025-11-05 18:26	63.665	63.685	63.635	63.652	1
2025-11-05 18:27	63.645	63.645	63.602	63.625	1
2025-11-05 18:28	63.620	63.630	63.607	63.607	1
2025-11-05 18:29	63.602	63.615	63.592	63.602	1
2025-11-05 18:30	63.625	63.655	63.622	63.622	1
2025-11-05 18:31	63.622	63.630	63.607	63.612	1
2025-11-05 18:32	63.625	63.625	63.582	63.590	1
2025-11-05 18:33	63.595	63.595	63.572	63.572	1
2025-11-05 18:34	63.570	63.572	63.555	63.572	1
2025-11-05 18:35	63.570	63.580	63.562	63.580	1
2025-11-05 18:36	63.585	63.590	63.532	63.565	1
2025-11-05 18:37	63.560	63.585	63.557	63.582	1
2025-11-05 18:38	63.590	63.605	63.585	63.600	1
2025-11-05 18:39	63.595	63.625	63.595	63.622	1
2025-11-05 18:40	63.622	63.640	63.622	63.625	1
2025-11-05 18:41	63.615	63.625	63.585	63.595	1
2025-11-05 18:42	63.585	63.585	63.565	63.582	1
2025-11-05 18:43	63.595	63.605	63.582	63.590	1
2025-11-05 18:44	63.595	63.595	63.582	63.592	1
2025-11-05 18:45	63.605	63.605	63.582	63.597	1
2025-11-05 18:46	63.592	63.605	63.592	63.592	1
2025-11-05 18:47	63.605	63.625	63.605	63.622	1
2025-11-05 18:48	63.620	63.645	63.615	63.642	1
2025-11-05 18:49	63.655	63.675	63.652	63.667	1
2025-11-05 18:50	63.675	63.715	63.675	63.692	1
2025-11-05 18:51	63.705	63.705	63.682	63.705	1
2025-11-05 18:52	63.700	63.700	63.672	63.672	1
2025-11-05 18:53	63.695	63.705	63.692	63.695	1
2025-11-05 18:54	63.685	63.690	63.677	63.677	1
2025-11-05 18:55	63.675	63.705	63.672	63.690	1
2025-11-05 18:56	63.695	63.705	63.682	63.702	1
2025-11-05 18:57	63.700	63.705	63.680	63.695	1
2025-11-05 18:58	63.690	63.700	63.672	63.675	1
2025-11-05 18:59	63.685	63.685	63.662	63.667	1
2025-11-05 19:00	63.665	63.690	63.632	63.675	1
2025-11-05 19:01	63.670	63.695	63.665	63.672	1
2025-11-05 19:02	63.670	63.670	63.632	63.652	1
2025-11-05 19:03	63.660	63.675	63.652	63.672	1
2025-11-05 19:04	63.667	63.695	63.662	63.682	1
2025-11-05 19:05	63.690	63.690	63.622	63.645	1
2025-11-05 19:06	63.650	63.655	63.622	63.622	1
2025-11-05 19:07	63.620	63.625	63.597	63.605	1
2025-11-05 19:08	63.600	63.605	63.532	63.532	1
2025-11-05 19:09	63.510	63.520	63.482	63.482	1
2025-11-05 19:10	63.470	63.542	63.470	63.532	1
2025-11-05 19:11	63.545	63.602	63.532	63.602	1
2025-11-05 19:12	63.595	63.605	63.572	63.582	1
2025-11-05 19:13	63.587	63.587	63.560	63.562	1
2025-11-05 19:14	63.575	63.582	63.562	63.575	1
2025-11-05 19:15	63.580	63.585	63.512	63.515	1
2025-11-05 19:16	63.520	63.530	63.500	63.500	1
2025-11-05 19:17	63.505	63.510	63.492	63.497	1
2025-11-05 19:18	63.505	63.510	63.492	63.502	1
2025-11-05 19:19	63.495	63.560	63.492	63.552	1
2025-11-05 19:20	63.565	63.595	63.548	63.560	1
2025-11-05 19:21	63.555	63.555	63.522	63.522	1
2025-11-05 19:22	63.535	63.555	63.522	63.540	1
2025-11-05 19:23	63.542	63.555	63.525	63.535	1
2025-11-05 19:24	63.530	63.535	63.507	63.512	1
2025-11-05 19:25	63.530	63.530	63.482	63.482	1
2025-11-05 19:26	63.490	63.505	63.472	63.480	1
2025-11-05 19:27	63.485	63.555	63.480	63.542	1
2025-11-05 19:28	63.535	63.535	63.472	63.502	1
2025-11-05 19:29	63.515	63.525	63.482	63.502	1
2025-11-05 19:30	63.495	63.515	63.482	63.510	1
2025-11-05 19:31	63.502	63.525	63.492	63.522	1
2025-11-05 19:32	63.515	63.522	63.492	63.500	1
2025-11-05 19:33	63.505	63.505	63.442	63.442	1
2025-11-05 19:34	63.455	63.475	63.422	63.472	1
2025-11-05 19:35	63.462	63.515	63.462	63.475	1
2025-11-05 19:36	63.465	63.485	63.455	63.470	1
2025-11-05 19:37	63.462	63.470	63.452	63.465	1
2025-11-05 19:38	63.475	63.505	63.472	63.495	1
2025-11-05 19:39	63.505	63.505	63.482	63.492	1
2025-11-05 19:40	63.490	63.495	63.482	63.482	1
2025-11-05 19:41	63.487	63.505	63.482	63.502	1
2025-11-05 19:42	63.515	63.515	63.492	63.492	1
2025-11-05 19:43	63.485	63.487	63.482	63.482	1
2025-11-05 19:44	63.470	63.495	63.462	63.475	1
2025-11-05 19:45	63.465	63.470	63.430	63.435	1
2025-11-05 19:46	63.440	63.445	63.415	63.442	1
2025-11-05 19:47	63.450	63.465	63.447	63.462	1
2025-11-05 19:48	63.452	63.465	63.412	63.430	1
2025-11-05 19:49	63.422	63.432	63.420	63.432	1
2025-11-05 19:50	63.445	63.460	63.442	63.442	1
2025-11-05 19:51	63.440	63.445	63.435	63.442	1
2025-11-05 19:52	63.447	63.465	63.445	63.462	1
2025-11-05 19:53	63.470	63.472	63.462	63.462	1
2025-11-05 19:54	63.460	63.475	63.455	63.455	1
2025-11-05 19:55	63.450	63.450	63.432	63.442	1
2025-11-05 19:56	63.455	63.465	63.442	63.442	1
2025-11-05 19:57	63.450	63.460	63.450	63.455	1
2025-11-05 19:59	63.447	63.465	63.447	63.457	1
2025-11-05 20:00	63.475	63.485	63.465	63.482	1
2025-11-05 20:01	63.505	63.515	63.500	63.512	1
2025-11-05 20:02	63.525	63.525	63.522	63.522	1
2025-11-05 20:03	63.515	63.515	63.512	63.512	1
2025-11-05 20:04	63.505	63.522	63.502	63.522	1
2025-11-05 20:05	63.520	63.525	63.492	63.500	1
2025-11-05 20:06	63.502	63.520	63.502	63.512	1
2025-11-05 20:07	63.520	63.525	63.512	63.522	1
2025-11-05 20:08	63.515	63.515	63.512	63.512	1
2025-11-05 20:09	63.505	63.515	63.502	63.502	1
2025-11-05 20:10	63.515	63.535	63.512	63.530	1
2025-11-05 20:11	63.522	63.535	63.502	63.502	1
2025-11-05 20:13	63.498	63.505	63.498	63.505	1
2025-11-05 20:15	63.510	63.535	63.502	63.532	1
2025-11-05 20:16	63.530	63.530	63.512	63.520	1
2025-11-05 20:17	63.515	63.515	63.497	63.497	1
2025-11-05 20:18	63.505	63.505	63.492	63.492	1
2025-11-05 20:19	63.500	63.525	63.495	63.520	1
2025-11-05 20:20	63.512	63.525	63.512	63.520	1
2025-11-05 20:21	63.525	63.535	63.525	63.532	1
2025-11-05 20:22	63.527	63.527	63.520	63.525	1
2025-11-05 20:23	63.520	63.525	63.512	63.512	1
2025-11-05 20:24	63.525	63.525	63.517	63.517	1
2025-11-05 20:25	63.525	63.525	63.525	63.525	1
2025-11-05 20:26	63.530	63.535	63.520	63.522	1
2025-11-05 20:29	63.520	63.520	63.502	63.502	1
2025-11-05 20:30	63.510	63.517	63.510	63.517	1
2025-11-05 20:31	63.512	63.520	63.510	63.512	1
2025-11-05 20:32	63.507	63.515	63.502	63.502	1
2025-11-05 20:33	63.500	63.500	63.492	63.492	1
2025-11-05 20:34	63.500	63.512	63.500	63.512	1
2025-11-05 20:35	63.510	63.512	63.502	63.505	1
2025-11-05 20:36	63.510	63.510	63.502	63.502	1
2025-11-05 20:37	63.510	63.510	63.505	63.505	1
2025-11-05 20:38	63.510	63.512	63.510	63.512	1
2025-11-05 20:39	63.520	63.535	63.520	63.532	1
2025-11-05 20:40	63.530	63.530	63.522	63.530	1
2025-11-05 20:41	63.525	63.542	63.525	63.540	1
2025-11-05 20:42	63.532	63.540	63.532	63.540	1
2025-11-05 20:43	63.532	63.532	63.532	63.532	1
2025-11-05 20:44	63.515	63.525	63.512	63.525	1
2025-11-05 20:45	63.530	63.530	63.525	63.525	1
2025-11-05 20:46	63.515	63.515	63.510	63.515	1
2025-11-05 20:47	63.510	63.515	63.510	63.515	1
2025-11-05 20:48	63.510	63.525	63.510	63.525	1
2025-11-05 20:49	63.520	63.525	63.507	63.512	1
2025-11-05 20:50	63.510	63.525	63.505	63.522	1
2025-11-05 20:51	63.520	63.545	63.520	63.530	1
2025-11-05 20:52	63.522	63.522	63.515	63.515	1
2025-11-05 20:53	63.520	63.525	63.512	63.515	1
2025-11-05 20:54	63.535	63.535	63.522	63.530	1
2025-11-05 20:55	63.525	63.525	63.505	63.515	1
2025-11-05 20:56	63.520	63.520	63.505	63.515	1
2025-11-05 20:57	63.510	63.512	63.492	63.492	1
2025-11-05 20:58	63.505	63.505	63.492	63.492	1
2025-11-05 20:59	63.485	63.505	63.482	63.490	1
2025-11-05 21:00	63.495	63.495	63.467	63.467	1
2025-11-05 21:01	63.467	63.467	63.462	63.462	1
2025-11-05 21:02	63.462	63.472	63.462	63.472	1
2025-11-05 21:03	63.472	63.487	63.472	63.482	1
2025-11-05 21:04	63.477	63.487	63.477	63.482	1
2025-11-05 21:05	63.487	63.492	63.487	63.487	1
2025-11-05 21:06	63.482	63.482	63.472	63.482	1
2025-11-05 21:07	63.482	63.492	63.482	63.492	1
2025-11-05 21:08	63.492	63.492	63.482	63.487	1
2025-11-05 21:09	63.482	63.487	63.482	63.487	1
2025-11-05 21:10	63.487	63.487	63.482	63.482	1
2025-11-05 21:11	63.482	63.482	63.482	63.482	1
2025-11-05 21:12	63.482	63.487	63.482	63.487	1
2025-11-05 21:13	63.502	63.502	63.492	63.497	1
2025-11-05 21:14	63.492	63.497	63.482	63.482	1
2025-11-05 21:15	63.482	63.502	63.482	63.492	1
2025-11-05 21:16	63.492	63.502	63.492	63.502	1
2025-11-05 21:17	63.507	63.507	63.502	63.507	1
2025-11-05 21:18	63.502	63.512	63.502	63.507	1
2025-11-05 21:19	63.502	63.512	63.502	63.512	1
2025-11-05 21:20	63.502	63.512	63.502	63.507	1
2025-11-05 21:21	63.502	63.507	63.492	63.492	1
2025-11-05 21:22	63.497	63.497	63.492	63.492	1
2025-11-05 21:23	63.492	63.492	63.492	63.492	1
2025-11-05 21:25	63.482	63.482	63.482	63.482	1
2025-11-05 21:26	63.472	63.492	63.462	63.492	1
2025-11-05 21:27	63.482	63.482	63.482	63.482	1
2025-11-05 21:29	63.482	63.492	63.482	63.492	1
2025-11-05 21:31	63.492	63.497	63.492	63.497	1
2025-11-05 21:32	63.492	63.497	63.492	63.497	1
2025-11-05 21:33	63.492	63.492	63.482	63.482	1
2025-11-05 21:34	63.472	63.477	63.472	63.477	1
2025-11-05 21:36	63.482	63.482	63.482	63.482	1
2025-11-05 21:37	63.482	63.492	63.482	63.482	1
2025-11-05 21:38	63.482	63.482	63.482	63.482	1
2025-11-05 21:39	63.482	63.487	63.482	63.487	1
2025-11-05 21:41	63.482	63.482	63.482	63.482	1
2025-11-05 21:42	63.482	63.482	63.482	63.482	1
2025-11-05 21:43	63.482	63.492	63.482	63.487	1
2025-11-05 21:44	63.482	63.487	63.482	63.487	1
2025-11-05 21:45	63.482	63.492	63.482	63.492	1
2025-11-05 21:46	63.492	63.492	63.482	63.482	1
2025-11-05 21:47	63.482	63.497	63.482	63.497	1
2025-11-05 21:48	63.497	63.497	63.492	63.492	1
2025-11-05 21:50	63.487	63.498	63.452	63.467	1
2025-11-05 21:51	63.467	63.482	63.467	63.482	1
2025-11-05 21:52	63.487	63.492	63.487	63.487	1
2025-11-05 21:54	63.477	63.477	63.477	63.477	1
2025-11-05 21:55	63.477	63.487	63.477	63.487	1
2025-11-05 21:56	63.487	63.487	63.487	63.487	1
2025-11-05 21:57	63.512	63.517	63.512	63.512	1
2025-11-05 21:58	63.507	63.507	63.492	63.497	1
2025-11-05 21:59	63.502	63.502	63.497	63.497	1
2025-11-06 01:00	63.527	63.550	63.497	63.512	1
2025-11-06 01:01	63.517	63.565	63.505	63.562	1
2025-11-06 01:02	63.560	63.570	63.472	63.472	1
2025-11-06 01:03	63.480	63.515	63.472	63.502	1
2025-11-06 01:04	63.495	63.495	63.460	63.465	1
2025-11-06 01:05	63.460	63.495	63.457	63.490	1
2025-11-06 01:06	63.495	63.495	63.477	63.485	1
2025-11-06 01:07	63.487	63.505	63.477	63.500	1
2025-11-06 01:08	63.505	63.505	63.487	63.502	1
2025-11-06 01:09	63.497	63.497	63.482	63.490	1
2025-11-06 01:10	63.482	63.490	63.460	63.462	1
2025-11-06 01:11	63.460	63.480	63.460	63.477	1
2025-11-06 01:12	63.475	63.497	63.472	63.497	1
2025-11-06 01:13	63.492	63.510	63.492	63.502	1
2025-11-06 01:14	63.500	63.510	63.490	63.495	1
2025-11-06 01:15	63.485	63.505	63.482	63.492	1
2025-11-06 01:16	63.505	63.505	63.480	63.492	1
2025-11-06 01:17	63.490	63.495	63.482	63.492	1
2025-11-06 01:18	63.497	63.497	63.492	63.492	1
2025-11-06 01:19	63.505	63.515	63.482	63.507	1
2025-11-06 01:20	63.502	63.535	63.502	63.530	1
2025-11-06 01:21	63.522	63.565	63.522	63.557	1
2025-11-06 01:22	63.555	63.585	63.555	63.580	1
2025-11-06 01:23	63.575	63.595	63.575	63.592	1
2025-11-06 01:24	63.582	63.595	63.572	63.582	1
2025-11-06 01:25	63.585	63.585	63.542	63.542	1
2025-11-06 01:26	63.550	63.555	63.522	63.525	1
2025-11-06 01:27	63.510	63.517	63.507	63.512	1
2025-11-06 01:28	63.510	63.520	63.510	63.515	1
2025-11-06 01:29	63.525	63.525	63.520	63.522	1
2025-11-06 01:30	63.530	63.535	63.522	63.532	1
2025-11-06 01:31	63.527	63.545	63.522	63.537	1
2025-11-06 01:32	63.535	63.545	63.522	63.535	1
2025-11-06 01:33	63.540	63.545	63.535	63.537	1
2025-11-06 01:34	63.542	63.542	63.525	63.525	1
2025-11-06 01:35	63.530	63.545	63.525	63.537	1
2025-11-06 01:36	63.535	63.585	63.535	63.570	1
2025-11-06 01:37	63.562	63.595	63.560	63.592	1
2025-11-06 01:38	63.597	63.602	63.592	63.597	1
2025-11-06 01:39	63.592	63.605	63.592	63.597	1
2025-11-06 01:40	63.605	63.605	63.592	63.597	1
2025-11-06 01:41	63.602	63.610	63.595	63.600	1
2025-11-06 01:42	63.605	63.625	63.600	63.625	1
2025-11-06 01:43	63.620	63.622	63.617	63.622	1
2025-11-06 01:44	63.630	63.635	63.630	63.630	1
2025-11-06 01:45	63.625	63.630	63.615	63.615	1
2025-11-06 01:46	63.610	63.610	63.567	63.570	1
2025-11-06 01:47	63.575	63.575	63.557	63.557	1
2025-11-06 01:48	63.552	63.552	63.542	63.542	1
2025-11-06 01:49	63.555	63.555	63.542	63.552	1
2025-11-06 01:50	63.550	63.595	63.550	63.592	1
2025-11-06 01:51	63.585	63.587	63.575	63.575	1
2025-11-06 01:52	63.570	63.570	63.552	63.555	1
2025-11-06 01:53	63.550	63.552	63.550	63.550	1
2025-11-06 01:54	63.555	63.555	63.547	63.547	1
2025-11-06 01:55	63.552	63.552	63.550	63.552	1
2025-11-06 01:56	63.550	63.550	63.535	63.540	1
2025-11-06 01:57	63.542	63.542	63.537	63.537	1
2025-11-06 01:58	63.535	63.535	63.515	63.530	1
2025-11-06 01:59	63.525	63.530	63.522	63.522	1
2025-11-06 02:00	63.505	63.535	63.502	63.522	1
2025-11-06 02:01	63.515	63.525	63.485	63.485	1
2025-11-06 02:02	63.475	63.505	63.472	63.502	1
2025-11-06 02:03	63.515	63.525	63.512	63.522	1
2025-11-06 02:04	63.515	63.517	63.502	63.515	1
2025-11-06 02:05	63.520	63.520	63.507	63.515	1
2025-11-06 02:06	63.510	63.510	63.502	63.502	1
2025-11-06 02:07	63.495	63.512	63.492	63.512	1
2025-11-06 02:09	63.505	63.515	63.502	63.515	1
2025-11-06 02:10	63.525	63.525	63.495	63.505	1
2025-11-06 02:11	63.500	63.510	63.495	63.507	1
2025-11-06 02:12	63.507	63.525	63.502	63.512	1
2025-11-06 02:13	63.520	63.525	63.520	63.520	1
2025-11-06 02:14	63.515	63.525	63.515	63.522	1
2025-11-06 02:15	63.545	63.565	63.542	63.562	1
2025-11-06 02:16	63.570	63.575	63.570	63.575	1
2025-11-06 02:17	63.580	63.590	63.570	63.585	1
2025-11-06 02:18	63.595	63.645	63.592	63.622	1
2025-11-06 02:19	63.620	63.630	63.615	63.625	1
2025-11-06 02:20	63.627	63.645	63.622	63.640	1
2025-11-06 02:21	63.635	63.635	63.612	63.612	1
2025-11-06 02:22	63.625	63.635	63.622	63.632	1
2025-11-06 02:23	63.630	63.632	63.592	63.602	1
2025-11-06 02:24	63.597	63.602	63.592	63.592	1
2025-11-06 02:25	63.590	63.615	63.590	63.602	1
2025-11-06 02:26	63.595	63.595	63.590	63.590	1
2025-11-06 02:27	63.585	63.605	63.585	63.600	1
2025-11-06 02:28	63.595	63.615	63.595	63.605	1
2025-11-06 02:29	63.598	63.598	63.598	63.598	1
2025-11-06 02:30	63.600	63.625	63.572	63.605	1
2025-11-06 02:31	63.610	63.615	63.597	63.602	1
2025-11-06 02:32	63.595	63.635	63.592	63.632	1
2025-11-06 02:33	63.630	63.655	63.627	63.650	1
2025-11-06 02:34	63.645	63.655	63.640	63.645	1
2025-11-06 02:35	63.640	63.660	63.630	63.652	1
2025-11-06 02:36	63.647	63.655	63.642	63.642	1
2025-11-06 02:37	63.637	63.645	63.637	63.640	1
2025-11-06 02:38	63.645	63.645	63.615	63.620	1
2025-11-06 02:39	63.612	63.635	63.612	63.635	1
2025-11-06 02:40	63.645	63.665	63.637	63.637	1
2025-11-06 02:42	63.637	63.655	63.637	63.650	1
2025-11-06 02:43	63.655	63.655	63.637	63.637	1
2025-11-06 02:44	63.635	63.645	63.632	63.640	1
2025-11-06 02:45	63.635	63.645	63.627	63.627	1
2025-11-06 02:46	63.625	63.625	63.600	63.600	1
2025-11-06 02:47	63.605	63.605	63.587	63.600	1
2025-11-06 02:48	63.595	63.605	63.582	63.582	1
2025-11-06 02:49	63.590	63.615	63.590	63.602	1
2025-11-06 02:50	63.610	63.630	63.605	63.630	1
2025-11-06 02:51	63.622	63.630	63.610	63.615	1
2025-11-06 02:52	63.610	63.630	63.610	63.630	1
2025-11-06 02:53	63.635	63.645	63.627	63.642	1
2025-11-06 02:54	63.635	63.637	63.612	63.620	1
2025-11-06 02:55	63.625	63.625	63.612	63.617	1
2025-11-06 02:56	63.622	63.625	63.612	63.622	1
2025-11-06 02:57	63.617	63.625	63.617	63.617	1
2025-11-06 02:58	63.625	63.625	63.620	63.620	1
2025-11-06 02:59	63.615	63.645	63.615	63.645	1
2025-11-06 03:00	63.640	63.660	63.640	63.660	1
2025-11-06 03:01	63.652	63.665	63.652	63.655	1
2025-11-06 03:02	63.650	63.655	63.635	63.635	1
2025-11-06 03:03	63.640	63.645	63.632	63.642	1
2025-11-06 03:04	63.650	63.652	63.640	63.640	1
2025-11-06 03:05	63.645	63.645	63.635	63.635	1
2025-11-06 03:07	63.630	63.635	63.622	63.622	1
2025-11-06 03:08	63.617	63.617	63.612	63.612	1
2025-11-06 03:09	63.605	63.610	63.602	63.602	1
2025-11-06 03:10	63.615	63.625	63.602	63.622	1
2025-11-06 03:11	63.615	63.620	63.612	63.617	1
2025-11-06 03:12	63.615	63.620	63.615	63.620	1
2025-11-06 03:13	63.625	63.625	63.615	63.615	1
2025-11-06 03:14	63.600	63.605	63.595	63.600	1
2025-11-06 03:15	63.595	63.612	63.595	63.607	1
2025-11-06 03:16	63.603	63.603	63.603	63.603	1
2025-11-06 03:17	63.615	63.615	63.592	63.612	1
2025-11-06 03:18	63.605	63.630	63.605	63.630	1
2025-11-06 03:19	63.632	63.635	63.625	63.632	1
2025-11-06 03:20	63.630	63.630	63.622	63.622	1
2025-11-06 03:21	63.630	63.630	63.612	63.612	1
2025-11-06 03:23	63.620	63.620	63.610	63.612	1
2025-11-06 03:24	63.620	63.625	63.612	63.612	1
2025-11-06 03:25	63.620	63.620	63.615	63.615	1
2025-11-06 03:26	63.625	63.625	63.612	63.612	1
2025-11-06 03:27	63.605	63.612	63.602	63.612	1
2025-11-06 03:28	63.610	63.612	63.610	63.612	1
2025-11-06 03:31	63.607	63.615	63.607	63.615	1
2025-11-06 03:32	63.635	63.635	63.622	63.622	1
2025-11-06 03:33	63.630	63.635	63.622	63.622	1
2025-11-06 03:34	63.615	63.615	63.612	63.612	1
2025-11-06 03:35	63.610	63.610	63.602	63.602	1
2025-11-06 03:36	63.610	63.612	63.605	63.610	1
2025-11-06 03:37	63.612	63.625	63.612	63.615	1
2025-11-06 03:38	63.620	63.625	63.612	63.612	1
2025-11-06 03:39	63.625	63.625	63.622	63.622	1
2025-11-06 03:40	63.640	63.645	63.635	63.640	1
2025-11-06 03:41	63.635	63.635	63.630	63.635	1
2025-11-06 03:42	63.630	63.652	63.622	63.652	1
2025-11-06 03:44	63.645	63.652	63.642	63.650	1
2025-11-06 03:45	63.642	63.660	63.642	63.655	1
2025-11-06 03:46	63.660	63.660	63.660	63.660	1
2025-11-06 03:47	63.655	63.655	63.650	63.650	1
2025-11-06 03:48	63.652	63.652	63.635	63.642	1
2025-11-06 03:49	63.655	63.655	63.650	63.650	1
2025-11-06 03:50	63.655	63.665	63.655	63.662	1
2025-11-06 03:51	63.655	63.665	63.655	63.665	1
2025-11-06 03:52	63.660	63.675	63.660	63.672	1
2025-11-06 03:53	63.685	63.685	63.672	63.682	1
2025-11-06 03:54	63.680	63.680	63.672	63.680	1
2025-11-06 03:55	63.675	63.685	63.675	63.680	1
2025-11-06 03:56	63.675	63.685	63.675	63.685	1
2025-11-06 03:57	63.675	63.675	63.652	63.660	1
2025-11-06 03:58	63.665	63.672	63.665	63.670	1
2025-11-06 03:59	63.675	63.675	63.675	63.675	1
2025-11-06 04:00	63.665	63.670	63.662	63.670	1
2025-11-06 04:01	63.675	63.675	63.660	63.665	1
2025-11-06 04:02	63.660	63.675	63.660	63.672	1
2025-11-06 04:03	63.680	63.685	63.672	63.672	1
2025-11-06 04:04	63.670	63.675	63.670	63.675	1
2025-11-06 04:05	63.680	63.705	63.680	63.705	1
2025-11-06 04:06	63.707	63.745	63.707	63.742	1
2025-11-06 04:07	63.750	63.750	63.742	63.750	1
2025-11-06 04:08	63.735	63.740	63.732	63.732	1
2025-11-06 04:09	63.740	63.740	63.722	63.730	1
2025-11-06 04:10	63.735	63.740	63.735	63.735	1
2025-11-06 04:11	63.730	63.735	63.730	63.735	1
2025-11-06 04:12	63.745	63.745	63.740	63.740	1
2025-11-06 04:13	63.742	63.742	63.742	63.742	1
2025-11-06 04:16	63.750	63.755	63.742	63.747	1
2025-11-06 04:17	63.745	63.745	63.732	63.732	1
2025-11-06 04:18	63.725	63.725	63.715	63.722	1
2025-11-06 04:19	63.730	63.732	63.722	63.725	1
2025-11-06 04:20	63.730	63.730	63.722	63.730	1
2025-11-06 04:21	63.722	63.730	63.722	63.727	1
2025-11-06 04:22	63.722	63.730	63.722	63.730	1
2025-11-06 04:23	63.725	63.725	63.695	63.700	1
2025-11-06 04:24	63.692	63.700	63.692	63.700	1
2025-11-06 04:25	63.702	63.710	63.702	63.705	1
2025-11-06 04:26	63.695	63.695	63.682	63.690	1
2025-11-06 04:27	63.685	63.695	63.682	63.695	1
2025-11-06 04:28	63.685	63.695	63.682	63.692	1
2025-11-06 04:29	63.690	63.692	63.682	63.682	1
2025-11-06 04:30	63.680	63.705	63.680	63.700	1
2025-11-06 04:31	63.705	63.705	63.705	63.705	1
2025-11-06 04:32	63.698	63.710	63.698	63.710	1
2025-11-06 04:33	63.705	63.710	63.705	63.710	1
2025-11-06 04:34	63.705	63.710	63.705	63.710	1
2025-11-06 04:35	63.715	63.715	63.715	63.715	1
2025-11-06 04:36	63.710	63.710	63.682	63.690	1
2025-11-06 04:37	63.692	63.705	63.692	63.705	1
2025-11-06 04:39	63.698	63.705	63.698	63.705	1
2025-11-06 04:40	63.695	63.700	63.692	63.692	1
2025-11-06 04:42	63.690	63.700	63.690	63.700	1
2025-11-06 04:43	63.702	63.702	63.702	63.702	1
2025-11-06 04:45	63.695	63.695	63.692	63.692	1
2025-11-06 04:46	63.690	63.690	63.690	63.690	1
2025-11-06 04:47	63.695	63.695	63.690	63.690	1
2025-11-06 04:49	63.675	63.675	63.660	63.665	1
2025-11-06 04:50	63.657	63.675	63.655	63.672	1
2025-11-06 04:51	63.667	63.680	63.662	63.675	1
2025-11-06 04:52	63.680	63.685	63.675	63.675	1
2025-11-06 04:53	63.680	63.685	63.677	63.677	1
2025-11-06 04:54	63.690	63.690	63.665	63.665	1
2025-11-06 04:55	63.658	63.675	63.658	63.675	1
2025-11-06 04:56	63.667	63.685	63.667	63.670	1
2025-11-06 04:57	63.675	63.685	63.672	63.672	1
2025-11-06 04:58	63.670	63.675	63.667	63.672	1
2025-11-06 05:00	63.680	63.705	63.680	63.702	1
2025-11-06 05:01	63.715	63.715	63.702	63.705	1
2025-11-06 05:03	63.695	63.695	63.690	63.690	1
2025-11-06 05:04	63.682	63.682	63.682	63.682	1
2025-11-06 05:05	63.690	63.690	63.672	63.672	1
2025-11-06 05:06	63.670	63.685	63.670	63.677	1
2025-11-06 05:07	63.685	63.690	63.672	63.672	1
2025-11-06 05:08	63.665	63.670	63.662	63.670	1
2025-11-06 05:09	63.675	63.675	63.675	63.675	1
2025-11-06 05:10	63.677	63.682	63.672	63.682	1
2025-11-06 05:12	63.690	63.695	63.685	63.690	1
2025-11-06 05:13	63.695	63.695	63.695	63.695	1
2025-11-06 05:14	63.690	63.730	63.690	63.730	1
2025-11-06 05:15	63.735	63.735	63.717	63.725	1
2025-11-06 05:16	63.720	63.760	63.720	63.750	1
2025-11-06 05:17	63.755	63.755	63.745	63.745	1
2025-11-06 05:18	63.750	63.750	63.740	63.742	1
2025-11-06 05:19	63.750	63.750	63.745	63.750	1
2025-11-06 05:20	63.755	63.755	63.750	63.750	1
2025-11-06 05:21	63.752	63.755	63.742	63.752	1
2025-11-06 05:22	63.760	63.760	63.750	63.755	1
2025-11-06 05:23	63.748	63.748	63.748	63.748	1
2025-11-06 05:24	63.745	63.755	63.742	63.752	1
2025-11-06 05:25	63.742	63.755	63.742	63.742	1
2025-11-06 05:26	63.740	63.745	63.740	63.745	1
2025-11-06 05:27	63.740	63.745	63.732	63.745	1
2025-11-06 05:28	63.755	63.755	63.747	63.747	1
2025-11-06 05:29	63.752	63.752	63.747	63.752	1
2025-11-06 05:30	63.750	63.755	63.737	63.745	1
2025-11-06 05:31	63.750	63.755	63.742	63.742	1
2025-11-06 05:32	63.750	63.755	63.750	63.755	1
2025-11-06 05:33	63.750	63.755	63.742	63.752	1
2025-11-06 05:34	63.750	63.752	63.742	63.752	1
2025-11-06 05:35	63.765	63.765	63.762	63.762	1
2025-11-06 05:36	63.760	63.762	63.735	63.737	1
2025-11-06 05:37	63.732	63.760	63.725	63.760	1
2025-11-06 05:38	63.755	63.762	63.755	63.762	1
2025-11-06 05:39	63.760	63.762	63.757	63.757	1
2025-11-06 05:40	63.755	63.755	63.747	63.752	1
2025-11-06 05:41	63.750	63.750	63.745	63.745	1
2025-11-06 05:42	63.755	63.755	63.745	63.752	1
2025-11-06 05:43	63.750	63.750	63.740	63.740	1
2025-11-06 05:44	63.735	63.735	63.735	63.735	1
2025-11-06 05:45	63.727	63.735	63.712	63.730	1
2025-11-06 05:46	63.740	63.760	63.735	63.755	1
2025-11-06 05:47	63.765	63.765	63.760	63.765	1
2025-11-06 05:48	63.755	63.755	63.742	63.745	1
2025-11-06 05:50	63.755	63.760	63.752	63.755	1
2025-11-06 05:51	63.765	63.765	63.757	63.762	1
2025-11-06 05:53	63.757	63.762	63.755	63.755	1
2025-11-06 05:54	63.750	63.757	63.750	63.757	1
2025-11-06 05:55	63.755	63.755	63.752	63.752	1
2025-11-06 05:56	63.760	63.765	63.760	63.765	1
2025-11-06 05:57	63.755	63.755	63.742	63.742	1
2025-11-06 05:58	63.750	63.755	63.750	63.755	1
2025-11-06 05:59	63.760	63.762	63.752	63.762	1
2025-11-06 06:00	63.760	63.765	63.725	63.732	1
2025-11-06 06:01	63.740	63.752	63.740	63.742	1
2025-11-06 06:02	63.750	63.750	63.732	63.745	1
2025-11-06 06:03	63.750	63.755	63.750	63.755	1
2025-11-06 06:04	63.750	63.755	63.742	63.742	1
2025-11-06 06:05	63.750	63.760	63.747	63.760	1
2025-11-06 06:06	63.765	63.782	63.757	63.772	1
2025-11-06 06:07	63.785	63.785	63.772	63.785	1
2025-11-06 06:08	63.775	63.775	63.752	63.757	1
2025-11-06 06:09	63.755	63.775	63.755	63.765	1
2025-11-06 06:10	63.770	63.795	63.770	63.790	1
2025-11-06 06:11	63.795	63.805	63.782	63.802	1
2025-11-06 06:12	63.800	63.805	63.792	63.805	1
2025-11-06 06:13	63.795	63.795	63.790	63.790	1
2025-11-06 06:14	63.785	63.800	63.782	63.800	1
2025-11-06 06:15	63.792	63.805	63.792	63.800	1
2025-11-06 06:16	63.805	63.805	63.772	63.772	1
2025-11-06 06:17	63.765	63.765	63.742	63.742	1
2025-11-06 06:18	63.755	63.765	63.755	63.765	1
2025-11-06 06:19	63.757	63.765	63.742	63.752	1
2025-11-06 06:20	63.747	63.755	63.742	63.747	1
2025-11-06 06:21	63.752	63.770	63.742	63.760	1
2025-11-06 06:22	63.752	63.760	63.750	63.757	1
2025-11-06 06:23	63.765	63.765	63.742	63.742	1
2025-11-06 06:24	63.740	63.750	63.722	63.722	1
2025-11-06 06:26	63.735	63.735	63.722	63.722	1
2025-11-06 06:27	63.730	63.735	63.722	63.727	1
2025-11-06 06:28	63.722	63.730	63.720	63.720	1
2025-11-06 06:29	63.725	63.730	63.725	63.725	1
2025-11-06 06:30	63.727	63.742	63.717	63.720	1
2025-11-06 06:31	63.722	63.722	63.692	63.692	1
2025-11-06 06:32	63.685	63.705	63.670	63.675	1
2025-11-06 06:33	63.680	63.705	63.672	63.705	1
2025-11-06 06:34	63.695	63.695	63.662	63.670	1
2025-11-06 06:35	63.665	63.700	63.662	63.697	1
2025-11-06 06:36	63.702	63.710	63.702	63.707	1
2025-11-06 06:37	63.712	63.722	63.712	63.722	1
2025-11-06 06:38	63.715	63.715	63.695	63.705	1
2025-11-06 06:39	63.700	63.702	63.685	63.700	1
2025-11-06 06:40	63.705	63.705	63.672	63.677	1
2025-11-06 06:41	63.685	63.685	63.662	63.670	1
2025-11-06 06:42	63.665	63.665	63.652	63.657	1
2025-11-06 06:43	63.652	63.670	63.642	63.670	1
2025-11-06 06:44	63.660	63.672	63.642	63.672	1
2025-11-06 06:45	63.680	63.705	63.680	63.700	1
2025-11-06 06:46	63.695	63.722	63.695	63.710	1
2025-11-06 06:47	63.712	63.720	63.692	63.720	1
2025-11-06 06:48	63.705	63.705	63.695	63.695	1
2025-11-06 06:49	63.700	63.722	63.700	63.720	1
2025-11-06 06:50	63.715	63.720	63.702	63.715	1
2025-11-06 06:51	63.720	63.720	63.715	63.715	1
2025-11-06 06:52	63.720	63.730	63.712	63.720	1
2025-11-06 06:53	63.722	63.725	63.720	63.725	1
2025-11-06 06:54	63.735	63.735	63.712	63.725	1
2025-11-06 06:55	63.730	63.745	63.720	63.740	1
2025-11-06 06:56	63.742	63.775	63.740	63.772	1
2025-11-06 06:57	63.785	63.785	63.772	63.772	1
2025-11-06 06:58	63.795	63.815	63.787	63.805	1
2025-11-06 06:59	63.797	63.815	63.792	63.802	1
2025-11-06 07:00	63.815	63.845	63.812	63.830	1
2025-11-06 07:01	63.835	63.835	63.810	63.812	1
2025-11-06 07:02	63.810	63.835	63.805	63.830	1
2025-11-06 07:03	63.840	63.840	63.832	63.840	1
2025-11-06 07:04	63.845	63.852	63.837	63.845	1
2025-11-06 07:05	63.850	63.860	63.850	63.860	1
2025-11-06 07:06	63.852	63.860	63.850	63.850	1
2025-11-06 07:07	63.842	63.855	63.842	63.842	1
2025-11-06 07:08	63.850	63.875	63.850	63.860	1
2025-11-06 07:09	63.862	63.862	63.840	63.840	1
2025-11-06 07:10	63.835	63.835	63.800	63.800	1
2025-11-06 07:11	63.805	63.820	63.797	63.820	1
2025-11-06 07:12	63.815	63.820	63.802	63.805	1
2025-11-06 07:13	63.795	63.802	63.782	63.795	1
2025-11-06 07:14	63.805	63.805	63.742	63.762	1
2025-11-06 07:15	63.770	63.775	63.712	63.715	1
2025-11-06 07:16	63.705	63.720	63.692	63.707	1
2025-11-06 07:17	63.715	63.745	63.715	63.735	1
2025-11-06 07:18	63.740	63.745	63.672	63.675	1
2025-11-06 07:19	63.680	63.700	63.675	63.695	1
2025-11-06 07:20	63.697	63.725	63.697	63.717	1
2025-11-06 07:21	63.710	63.710	63.667	63.670	1
2025-11-06 07:22	63.665	63.720	63.665	63.720	1
2025-11-06 07:23	63.722	63.735	63.712	63.720	1
2025-11-06 07:24	63.715	63.735	63.715	63.735	1
2025-11-06 07:25	63.727	63.745	63.727	63.740	1
2025-11-06 07:26	63.742	63.775	63.737	63.765	1
2025-11-06 07:27	63.745	63.745	63.732	63.742	1
2025-11-06 07:28	63.732	63.750	63.722	63.742	1
2025-11-06 07:29	63.750	63.760	63.732	63.740	1
2025-11-06 07:30	63.735	63.765	63.735	63.765	1
2025-11-06 07:31	63.750	63.750	63.712	63.717	1
2025-11-06 07:32	63.725	63.745	63.715	63.732	1
2025-11-06 07:33	63.745	63.765	63.742	63.750	1
2025-11-06 07:34	63.765	63.772	63.755	63.757	1
2025-11-06 07:35	63.755	63.780	63.745	63.775	1
2025-11-06 07:36	63.770	63.780	63.767	63.772	1
2025-11-06 07:37	63.770	63.770	63.757	63.765	1
2025-11-06 07:38	63.775	63.775	63.750	63.750	1
2025-11-06 07:39	63.742	63.775	63.742	63.760	1
2025-11-06 07:40	63.753	63.790	63.745	63.745	1
2025-11-06 07:41	63.755	63.760	63.732	63.747	1
2025-11-06 07:42	63.745	63.752	63.722	63.722	1
2025-11-06 07:43	63.735	63.735	63.705	63.715	1
2025-11-06 07:44	63.725	63.732	63.712	63.732	1
2025-11-06 07:45	63.725	63.750	63.725	63.747	1
2025-11-06 07:46	63.742	63.742	63.725	63.727	1
2025-11-06 07:47	63.725	63.760	63.722	63.760	1
2025-11-06 07:48	63.762	63.765	63.742	63.742	1
2025-11-06 07:49	63.740	63.740	63.717	63.725	1
2025-11-06 07:50	63.730	63.770	63.730	63.765	1
2025-11-06 07:51	63.755	63.755	63.747	63.747	1
2025-11-06 07:52	63.742	63.745	63.722	63.740	1
2025-11-06 07:53	63.735	63.742	63.720	63.735	1
2025-11-06 07:54	63.737	63.745	63.712	63.717	1
2025-11-06 07:55	63.712	63.712	63.692	63.692	1
2025-11-06 07:56	63.690	63.725	63.685	63.710	1
2025-11-06 07:57	63.705	63.715	63.702	63.710	1
2025-11-06 07:58	63.705	63.715	63.667	63.667	1
2025-11-06 07:59	63.670	63.695	63.642	63.652	1
2025-11-06 08:00	63.660	63.665	63.570	63.570	1
2025-11-06 08:01	63.575	63.580	63.552	63.552	1
2025-11-06 08:02	63.575	63.612	63.562	63.592	1
2025-11-06 08:03	63.595	63.595	63.505	63.532	1
2025-11-06 08:04	63.530	63.530	63.442	63.442	1
2025-11-06 08:05	63.447	63.490	63.432	63.432	1
2025-11-06 08:06	63.440	63.475	63.440	63.460	1
2025-11-06 08:07	63.455	63.465	63.352	63.370	1
2025-11-06 08:08	63.372	63.410	63.372	63.392	1
2025-11-06 08:09	63.385	63.385	63.352	63.372	1
2025-11-06 08:10	63.377	63.405	63.377	63.392	1
2025-11-06 08:11	63.400	63.435	63.392	63.430	1
2025-11-06 08:12	63.432	63.435	63.412	63.422	1
2025-11-06 08:13	63.420	63.445	63.412	63.442	1
2025-11-06 08:14	63.440	63.455	63.432	63.455	1
2025-11-06 08:15	63.452	63.455	63.420	63.422	1
2025-11-06 08:16	63.420	63.475	63.392	63.452	1
2025-11-06 08:17	63.450	63.522	63.435	63.522	1
2025-11-06 08:18	63.535	63.575	63.512	63.512	1
2025-11-06 08:19	63.505	63.535	63.502	63.532	1
2025-11-06 08:20	63.540	63.585	63.532	63.582	1
2025-11-06 08:21	63.577	63.615	63.575	63.612	1
2025-11-06 08:22	63.625	63.645	63.582	63.582	1
2025-11-06 08:23	63.585	63.595	63.532	63.550	1
2025-11-06 08:24	63.542	63.550	63.532	63.537	1
2025-11-06 08:25	63.540	63.550	63.502	63.515	1
2025-11-06 08:26	63.520	63.525	63.502	63.512	1
2025-11-06 08:27	63.530	63.595	63.525	63.582	1
2025-11-06 08:28	63.580	63.615	63.570	63.612	1
2025-11-06 08:29	63.605	63.625	63.562	63.600	1
2025-11-06 08:30	63.615	63.695	63.605	63.655	1
2025-11-06 08:31	63.645	63.692	63.645	63.682	1
2025-11-06 08:32	63.690	63.715	63.672	63.700	1
2025-11-06 08:33	63.692	63.692	63.605	63.622	1
2025-11-06 08:34	63.630	63.675	63.620	63.670	1
2025-11-06 08:35	63.662	63.745	63.662	63.722	1
2025-11-06 08:36	63.735	63.805	63.715	63.772	1
2025-11-06 08:37	63.765	63.805	63.762	63.792	1
2025-11-06 08:38	63.805	63.855	63.792	63.852	1
2025-11-06 08:39	63.865	63.940	63.850	63.915	1
2025-11-06 08:40	63.910	63.925	63.842	63.842	1
2025-11-06 08:41	63.855	63.860	63.812	63.860	1
2025-11-06 08:42	63.865	63.865	63.835	63.850	1
2025-11-06 08:43	63.842	63.875	63.840	63.870	1
2025-11-06 08:44	63.862	63.915	63.848	63.912	1
2025-11-06 08:45	63.905	63.945	63.902	63.942	1
2025-11-06 08:46	63.955	63.965	63.942	63.965	1
2025-11-06 08:47	63.955	63.965	63.952	63.965	1
2025-11-06 08:48	63.975	63.990	63.935	63.945	1
2025-11-06 08:49	63.940	63.995	63.940	63.982	1
2025-11-06 08:50	63.990	64.075	63.990	64.072	1
2025-11-06 08:51	64.070	64.125	64.070	64.125	1
2025-11-06 08:52	64.115	64.125	64.052	64.062	1
2025-11-06 08:53	64.075	64.095	64.042	64.055	1
2025-11-06 08:54	64.052	64.105	64.052	64.105	1
2025-11-06 08:55	64.115	64.125	64.102	64.102	1
2025-11-06 08:56	64.095	64.160	64.095	64.102	1
2025-11-06 08:57	64.095	64.115	64.082	64.102	1
2025-11-06 08:58	64.095	64.135	64.092	64.135	1
2025-11-06 08:59	64.115	64.155	64.112	64.145	1
2025-11-06 09:00	64.155	64.225	64.142	64.215	1
2025-11-06 09:01	64.205	64.205	64.172	64.185	1
2025-11-06 09:02	64.190	64.210	64.172	64.175	1
2025-11-06 09:03	64.185	64.215	64.172	64.175	1
2025-11-06 09:04	64.185	64.205	64.172	64.172	1
2025-11-06 09:05	64.165	64.185	64.122	64.122	1
2025-11-06 09:06	64.130	64.145	64.102	64.142	1
2025-11-06 09:07	64.135	64.145	64.105	64.145	1
2025-11-06 09:08	64.135	64.140	64.082	64.095	1
2025-11-06 09:09	64.100	64.120	64.092	64.092	1
2025-11-06 09:10	64.100	64.115	64.092	64.092	1
2025-11-06 09:11	64.105	64.105	64.037	64.045	1
2025-11-06 09:12	64.055	64.077	64.032	64.075	1
2025-11-06 09:13	64.080	64.095	64.075	64.085	1
2025-11-06 09:14	64.090	64.092	64.062	64.070	1
2025-11-06 09:15	64.055	64.055	64.022	64.030	1
2025-11-06 09:16	64.045	64.095	64.032	64.082	1
2025-11-06 09:17	64.090	64.095	64.082	64.092	1
2025-11-06 09:18	64.090	64.165	64.083	64.122	1
2025-11-06 09:19	64.130	64.165	64.125	64.142	1
2025-11-06 09:20	64.135	64.155	64.135	64.145	1
2025-11-06 09:21	64.135	64.155	64.112	64.155	1
2025-11-06 09:22	64.165	64.205	64.165	64.200	1
2025-11-06 09:23	64.195	64.210	64.162	64.182	1
2025-11-06 09:24	64.180	64.220	64.177	64.192	1
2025-11-06 09:25	64.190	64.235	64.175	64.225	1
2025-11-06 09:26	64.235	64.295	64.230	64.262	1
2025-11-06 09:27	64.275	64.295	64.242	64.275	1
2025-11-06 09:28	64.270	64.285	64.252	64.252	1
2025-11-06 09:29	64.265	64.285	64.262	64.282	1
2025-11-06 09:30	64.295	64.305	64.292	64.305	1
2025-11-06 09:31	64.300	64.302	64.215	64.215	1
2025-11-06 09:32	64.225	64.225	64.200	64.205	1
2025-11-06 09:33	64.200	64.235	64.190	64.225	1
2025-11-06 09:34	64.220	64.225	64.192	64.200	1
2025-11-06 09:35	64.205	64.205	64.192	64.195	1
2025-11-06 09:36	64.185	64.195	64.172	64.172	1
2025-11-06 09:37	64.165	64.192	64.142	64.175	1
2025-11-06 09:38	64.165	64.195	64.150	64.160	1
2025-11-06 09:39	64.155	64.175	64.142	64.175	1
2025-11-06 09:40	64.190	64.195	64.162	64.162	1
2025-11-06 09:41	64.155	64.175	64.142	64.142	1
2025-11-06 09:42	64.135	64.145	64.132	64.132	1
2025-11-06 09:43	64.125	64.135	64.065	64.072	1
2025-11-06 09:44	64.080	64.082	64.015	64.015	1
2025-11-06 09:45	64.005	64.035	63.992	64.025	1
2025-11-06 09:46	64.030	64.060	63.992	64.005	1
2025-11-06 09:47	64.000	64.000	63.942	63.970	1
2025-11-06 09:48	63.965	63.965	63.922	63.940	1
2025-11-06 09:49	63.932	63.950	63.912	63.922	1
2025-11-06 09:50	63.932	63.975	63.922	63.962	1
2025-11-06 09:51	63.960	63.965	63.947	63.955	1
2025-11-06 09:52	63.965	63.975	63.952	63.975	1
2025-11-06 09:53	63.965	63.965	63.942	63.952	1
2025-11-06 09:54	63.965	63.995	63.962	63.962	1
2025-11-06 09:55	63.945	63.955	63.935	63.935	1
2025-11-06 09:56	63.915	63.950	63.902	63.922	1
2025-11-06 09:57	63.935	63.935	63.892	63.920	1
2025-11-06 09:58	63.922	63.965	63.915	63.950	1
2025-11-06 09:59	63.940	63.990	63.937	63.975	1
2025-11-06 10:00	63.970	64.015	63.965	63.995	1
2025-11-06 10:01	64.005	64.005	63.977	63.985	1
2025-11-06 10:02	63.995	64.020	63.982	63.982	1
2025-11-06 10:03	63.990	64.015	63.982	63.985	1
2025-11-06 10:04	63.975	63.975	63.945	63.950	1
2025-11-06 10:05	63.945	63.955	63.922	63.952	1
2025-11-06 10:06	63.965	64.025	63.962	64.017	1
2025-11-06 10:07	64.015	64.020	64.002	64.002	1
2025-11-06 10:08	64.000	64.005	63.985	63.995	1
2025-11-06 10:09	63.982	63.992	63.972	63.982	1
2025-11-06 10:10	63.990	64.025	63.982	63.985	1
2025-11-06 10:11	63.995	63.995	63.955	63.957	1
2025-11-06 10:12	63.955	64.010	63.955	64.000	1
2025-11-06 10:13	63.975	63.980	63.952	63.952	1
2025-11-06 10:14	63.945	63.965	63.932	63.955	1
2025-11-06 10:15	63.945	63.985	63.945	63.957	1
2025-11-06 10:16	63.955	63.955	63.882	63.882	1
2025-11-06 10:17	63.895	63.905	63.887	63.895	1
2025-11-06 10:18	63.900	63.920	63.885	63.915	1
2025-11-06 10:19	63.925	63.935	63.910	63.915	1
2025-11-06 10:20	63.925	63.925	63.910	63.925	1
2025-11-06 10:21	63.920	63.985	63.902	63.955	1
2025-11-06 10:22	63.965	63.985	63.945	63.975	1
2025-11-06 10:23	63.965	63.972	63.940	63.965	1
2025-11-06 10:24	63.970	63.970	63.945	63.957	1
2025-11-06 10:25	63.952	63.952	63.932	63.932	1
2025-11-06 10:26	63.930	63.945	63.922	63.922	1
2025-11-06 10:27	63.920	63.935	63.902	63.912	1
2025-11-06 10:28	63.905	63.910	63.850	63.852	1
2025-11-06 10:29	63.825	63.875	63.825	63.862	1
2025-11-06 10:30	63.857	63.885	63.837	63.852	1
2025-11-06 10:31	63.850	63.855	63.825	63.825	1
2025-11-06 10:32	63.815	63.825	63.762	63.785	1
2025-11-06 10:33	63.805	63.850	63.795	63.842	1
2025-11-06 10:34	63.855	63.875	63.842	63.862	1
2025-11-06 10:35	63.855	63.875	63.845	63.865	1
2025-11-06 10:36	63.875	63.920	63.865	63.920	1
2025-11-06 10:37	63.912	63.975	63.912	63.942	1
2025-11-06 10:38	63.950	63.955	63.905	63.932	1
2025-11-06 10:39	63.945	63.960	63.932	63.950	1
2025-11-06 10:40	63.952	63.960	63.920	63.922	1
2025-11-06 10:41	63.930	63.980	63.925	63.955	1
2025-11-06 10:42	63.945	63.960	63.932	63.952	1
2025-11-06 10:43	63.950	63.992	63.950	63.990	1
2025-11-06 10:44	63.985	63.985	63.962	63.962	1
2025-11-06 10:45	63.955	63.995	63.943	63.992	1
2025-11-06 10:46	63.985	63.985	63.920	63.922	1
2025-11-06 10:47	63.935	63.965	63.920	63.925	1
2025-11-06 10:48	63.930	63.940	63.930	63.935	1
2025-11-06 10:49	63.945	63.955	63.925	63.950	1
2025-11-06 10:50	63.955	63.985	63.902	63.902	1
2025-11-06 10:51	63.915	63.915	63.872	63.890	1
2025-11-06 10:52	63.900	63.935	63.892	63.925	1
2025-11-06 10:53	63.915	63.935	63.910	63.930	1
2025-11-06 10:54	63.925	63.945	63.925	63.942	1
2025-11-06 10:55	63.950	63.965	63.942	63.955	1
2025-11-06 10:56	63.950	63.965	63.932	63.960	1
2025-11-06 10:57	63.962	63.990	63.960	63.990	1
2025-11-06 10:58	63.980	63.990	63.950	63.950	1
2025-11-06 10:59	63.942	63.995	63.942	63.982	1
2025-11-06 11:00	64.000	64.025	63.985	63.995	1
2025-11-06 11:01	64.000	64.015	63.972	63.972	1
2025-11-06 11:02	63.985	63.995	63.970	63.972	1
2025-11-06 11:03	63.962	63.990	63.962	63.965	1
2025-11-06 11:04	63.960	63.975	63.945	63.950	1
2025-11-06 11:05	63.952	63.960	63.945	63.950	1
2025-11-06 11:06	63.945	63.945	63.915	63.927	1
2025-11-06 11:07	63.925	63.945	63.900	63.900	1
2025-11-06 11:08	63.902	63.902	63.877	63.892	1
2025-11-06 11:09	63.890	63.895	63.862	63.862	1
2025-11-06 11:10	63.875	63.915	63.862	63.910	1
2025-11-06 11:11	63.915	63.915	63.895	63.905	1
2025-11-06 11:12	63.910	63.912	63.870	63.872	1
2025-11-06 11:13	63.885	63.920	63.882	63.905	1
2025-11-06 11:14	63.910	63.920	63.892	63.905	1
2025-11-06 11:15	63.915	63.925	63.902	63.902	1
2025-11-06 11:16	63.895	63.895	63.855	63.855	1
2025-11-06 11:17	63.865	63.875	63.855	63.855	1
2025-11-06 11:18	63.850	63.890	63.842	63.890	1
2025-11-06 11:19	63.882	63.895	63.860	63.860	1
2025-11-06 11:20	63.855	63.865	63.842	63.857	1
2025-11-06 11:21	63.865	63.905	63.860	63.905	1
2025-11-06 11:22	63.915	63.940	63.910	63.935	1
2025-11-06 11:23	63.940	63.955	63.922	63.922	1
2025-11-06 11:24	63.935	63.935	63.872	63.880	1
2025-11-06 11:25	63.875	63.905	63.872	63.872	1
2025-11-06 11:26	63.885	63.885	63.872	63.875	1
2025-11-06 11:27	63.865	63.880	63.860	63.870	1
2025-11-06 11:28	63.872	63.872	63.855	63.862	1
2025-11-06 11:29	63.875	63.900	63.867	63.882	1
2025-11-06 11:30	63.880	63.895	63.842	63.842	1
2025-11-06 11:31	63.855	63.892	63.850	63.890	1
2025-11-06 11:32	63.895	63.895	63.850	63.852	1
2025-11-06 11:33	63.845	63.850	63.792	63.805	1
2025-11-06 11:34	63.812	63.822	63.802	63.805	1
2025-11-06 11:35	63.810	63.835	63.805	63.822	1
2025-11-06 11:36	63.840	63.865	63.810	63.810	1
2025-11-06 11:37	63.805	63.807	63.762	63.782	1
2025-11-06 11:38	63.780	63.785	63.755	63.755	1
2025-11-06 11:39	63.750	63.770	63.750	63.765	1
2025-11-06 11:40	63.770	63.775	63.752	63.755	1
2025-11-06 11:41	63.765	63.765	63.732	63.735	1
2025-11-06 11:42	63.745	63.757	63.740	63.755	1
2025-11-06 11:43	63.760	63.802	63.760	63.792	1
2025-11-06 11:44	63.790	63.795	63.782	63.782	1
2025-11-06 11:45	63.780	63.805	63.770	63.785	1
2025-11-06 11:46	63.790	63.815	63.785	63.812	1
2025-11-06 11:47	63.810	63.815	63.807	63.812	1
2025-11-06 11:48	63.805	63.825	63.777	63.815	1
2025-11-06 11:49	63.825	63.845	63.792	63.802	1
2025-11-06 11:50	63.790	63.815	63.780	63.790	1
2025-11-06 11:51	63.795	63.800	63.785	63.785	1
2025-11-06 11:52	63.795	63.805	63.782	63.787	1
2025-11-06 11:53	63.785	63.795	63.785	63.795	1
2025-11-06 11:54	63.785	63.815	63.782	63.795	1
2025-11-06 11:55	63.805	63.815	63.792	63.792	1
2025-11-06 11:56	63.800	63.800	63.742	63.745	1
2025-11-06 11:57	63.740	63.765	63.740	63.765	1
2025-11-06 11:58	63.755	63.775	63.752	63.762	1
2025-11-06 11:59	63.770	63.775	63.762	63.762	1
2025-11-06 12:00	63.785	63.815	63.758	63.815	1
2025-11-06 12:01	63.810	63.850	63.805	63.842	1
2025-11-06 12:02	63.840	63.885	63.822	63.882	1
2025-11-06 12:03	63.892	63.925	63.882	63.925	1
2025-11-06 12:04	63.935	63.945	63.922	63.942	1
2025-11-06 12:05	63.947	63.975	63.932	63.960	1
2025-11-06 12:06	63.965	63.965	63.902	63.910	1
2025-11-06 12:07	63.915	63.915	63.865	63.890	1
2025-11-06 12:08	63.882	63.882	63.845	63.845	1
2025-11-06 12:09	63.850	63.875	63.845	63.845	1
2025-11-06 12:10	63.855	63.890	63.852	63.882	1
2025-11-06 12:11	63.880	63.895	63.842	63.852	1
2025-11-06 12:12	63.860	63.875	63.835	63.837	1
2025-11-06 12:13	63.850	63.850	63.822	63.827	1
2025-11-06 12:14	63.835	63.835	63.822	63.832	1
2025-11-06 12:15	63.825	63.830	63.795	63.805	1
2025-11-06 12:16	63.800	63.815	63.792	63.810	1
2025-11-06 12:17	63.815	63.852	63.807	63.852	1
2025-11-06 12:18	63.852	63.872	63.852	63.872	1
2025-11-06 12:19	63.865	63.865	63.817	63.845	1
2025-11-06 12:20	63.825	63.825	63.785	63.822	1
2025-11-06 12:21	63.835	63.865	63.827	63.850	1
2025-11-06 12:22	63.845	63.850	63.845	63.845	1
2025-11-06 12:23	63.840	63.855	63.822	63.852	1
2025-11-06 12:24	63.865	63.885	63.862	63.875	1
2025-11-06 12:25	63.885	63.905	63.880	63.897	1
2025-11-06 12:26	63.902	63.907	63.880	63.880	1
2025-11-06 12:27	63.895	63.915	63.887	63.892	1
2025-11-06 12:28	63.885	63.890	63.852	63.862	1
2025-11-06 12:29	63.850	63.855	63.832	63.840	1
2025-11-06 12:30	63.842	63.842	63.797	63.822	1
2025-11-06 12:31	63.815	63.825	63.815	63.825	1
2025-11-06 12:32	63.817	63.880	63.815	63.872	1
2025-11-06 12:33	63.870	63.885	63.862	63.865	1
2025-11-06 12:34	63.875	63.895	63.875	63.890	1
2025-11-06 12:35	63.885	63.925	63.882	63.922	1
2025-11-06 12:36	63.945	63.945	63.922	63.940	1
2025-11-06 12:37	63.942	63.952	63.905	63.920	1
2025-11-06 12:38	63.915	63.925	63.892	63.917	1
2025-11-06 12:39	63.915	63.935	63.902	63.922	1
2025-11-06 12:40	63.920	63.945	63.920	63.935	1
2025-11-06 12:41	63.945	63.962	63.922	63.922	1
2025-11-06 12:42	63.930	63.935	63.912	63.935	1
2025-11-06 12:43	63.945	63.960	63.918	63.932	1
2025-11-06 12:44	63.930	63.935	63.917	63.917	1
2025-11-06 12:45	63.915	63.975	63.915	63.962	1
2025-11-06 12:46	63.960	63.965	63.942	63.955	1
2025-11-06 12:47	63.945	63.945	63.930	63.940	1
2025-11-06 12:48	63.942	63.975	63.942	63.950	1
2025-11-06 12:49	63.952	63.975	63.952	63.970	1
2025-11-06 12:50	63.975	63.985	63.952	63.975	1
2025-11-06 12:51	63.970	63.980	63.945	63.945	1
2025-11-06 12:52	63.955	63.965	63.942	63.962	1
2025-11-06 12:53	63.970	63.975	63.930	63.930	1
2025-11-06 12:54	63.925	63.955	63.922	63.950	1
2025-11-06 12:55	63.955	63.975	63.932	63.972	1
2025-11-06 12:56	63.965	63.992	63.962	63.987	1
2025-11-06 12:57	63.982	63.990	63.967	63.982	1
2025-11-06 12:58	63.995	64.005	63.952	63.952	1
2025-11-06 12:59	63.965	63.985	63.942	63.952	1
2025-11-06 13:00	63.960	63.995	63.932	63.932	1
2025-11-06 13:01	63.955	63.955	63.872	63.875	1
2025-11-06 13:02	63.870	63.875	63.857	63.862	1
2025-11-06 13:03	63.860	63.905	63.860	63.890	1
2025-11-06 13:04	63.885	63.900	63.852	63.852	1
2025-11-06 13:05	63.845	63.855	63.815	63.845	1
2025-11-06 13:06	63.835	63.865	63.820	63.860	1
2025-11-06 13:07	63.855	63.865	63.812	63.850	1
2025-11-06 13:08	63.855	63.865	63.832	63.832	1
2025-11-06 13:09	63.825	63.835	63.802	63.802	1
2025-11-06 13:10	63.807	63.830	63.800	63.805	1
2025-11-06 13:11	63.810	63.815	63.792	63.795	1
2025-11-06 13:12	63.805	63.820	63.792	63.792	1
2025-11-06 13:13	63.800	63.830	63.795	63.815	1
2025-11-06 13:14	63.825	63.875	63.818	63.855	1
2025-11-06 13:15	63.850	63.865	63.835	63.837	1
2025-11-06 13:16	63.845	63.880	63.842	63.872	1
2025-11-06 13:17	63.885	63.895	63.870	63.882	1
2025-11-06 13:18	63.895	63.905	63.892	63.892	1
2025-11-06 13:19	63.900	63.925	63.872	63.875	1
2025-11-06 13:20	63.885	63.915	63.882	63.890	1
2025-11-06 13:21	63.892	63.895	63.862	63.867	1
2025-11-06 13:22	63.872	63.912	63.865	63.870	1
2025-11-06 13:23	63.865	63.890	63.852	63.890	1
2025-11-06 13:24	63.895	63.895	63.860	63.885	1
2025-11-06 13:25	63.882	63.912	63.867	63.912	1
2025-11-06 13:26	63.925	63.975	63.912	63.972	1
2025-11-06 13:27	63.970	64.015	63.952	64.005	1
2025-11-06 13:28	64.015	64.015	63.990	63.995	1
2025-11-06 13:29	63.985	63.995	63.962	63.985	1
2025-11-06 13:30	63.990	63.990	63.932	63.942	1
2025-11-06 13:31	63.915	63.925	63.895	63.925	1
2025-11-06 13:32	63.920	63.922	63.887	63.900	1
2025-11-06 13:33	63.895	63.895	63.852	63.865	1
2025-11-06 13:34	63.870	63.895	63.865	63.892	1
2025-11-06 13:35	63.887	63.900	63.872	63.882	1
2025-11-06 13:36	63.895	63.902	63.880	63.892	1
2025-11-06 13:37	63.885	63.905	63.872	63.902	1
2025-11-06 13:38	63.895	63.905	63.892	63.892	1
2025-11-06 13:39	63.900	63.945	63.892	63.942	1
2025-11-06 13:40	63.940	63.942	63.892	63.895	1
2025-11-06 13:41	63.890	63.925	63.890	63.915	1
2025-11-06 13:42	63.910	63.915	63.900	63.912	1
2025-11-06 13:43	63.920	63.920	63.892	63.905	1
2025-11-06 13:44	63.895	63.930	63.882	63.922	1
2025-11-06 13:45	63.930	63.945	63.912	63.925	1
2025-11-06 13:46	63.915	63.940	63.912	63.940	1
2025-11-06 13:47	63.945	63.945	63.897	63.900	1
2025-11-06 13:48	63.895	63.895	63.842	63.842	1
2025-11-06 13:49	63.825	63.825	63.722	63.745	1
2025-11-06 13:50	63.740	63.740	63.670	63.702	1
2025-11-06 13:51	63.697	63.715	63.680	63.682	1
2025-11-06 13:52	63.680	63.685	63.665	63.667	1
2025-11-06 13:53	63.670	63.675	63.632	63.665	1
2025-11-06 13:54	63.670	63.695	63.632	63.640	1
2025-11-06 13:55	63.645	63.652	63.582	63.652	1
2025-11-06 13:56	63.650	63.670	63.632	63.635	1
2025-11-06 13:57	63.640	63.655	63.602	63.610	1
2025-11-06 13:58	63.612	63.650	63.605	63.642	1
2025-11-06 13:59	63.635	63.665	63.632	63.645	1
2025-11-06 14:00	63.625	63.725	63.575	63.575	1
2025-11-06 14:01	63.580	63.625	63.562	63.565	1
2025-11-06 14:02	63.555	63.610	63.532	63.580	1
2025-11-06 14:03	63.585	63.610	63.552	63.610	1
2025-11-06 14:04	63.605	63.610	63.572	63.592	1
2025-11-06 14:05	63.590	63.605	63.532	63.532	1
2025-11-06 14:06	63.525	63.545	63.495	63.535	1
2025-11-06 14:07	63.532	63.595	63.532	63.540	1
2025-11-06 14:08	63.545	63.555	63.492	63.515	1
2025-11-06 14:09	63.512	63.535	63.492	63.505	1
2025-11-06 14:10	63.515	63.525	63.455	63.525	1
2025-11-06 14:11	63.522	63.575	63.520	63.552	1
2025-11-06 14:12	63.565	63.615	63.560	63.592	1
2025-11-06 14:13	63.590	63.615	63.572	63.585	1
2025-11-06 14:14	63.595	63.600	63.525	63.532	1
2025-11-06 14:15	63.545	63.555	63.512	63.522	1
2025-11-06 14:16	63.535	63.535	63.475	63.485	1
2025-11-06 14:17	63.495	63.510	63.440	63.440	1
2025-11-06 14:18	63.432	63.432	63.255	63.267	1
2025-11-06 14:19	63.265	63.295	63.242	63.265	1
2025-11-06 14:20	63.275	63.325	63.245	63.275	1
2025-11-06 14:21	63.270	63.305	63.212	63.305	1
2025-11-06 14:22	63.310	63.325	63.222	63.240	1
2025-11-06 14:23	63.235	63.245	63.145	63.215	1
2025-11-06 14:24	63.220	63.235	63.172	63.182	1
2025-11-06 14:25	63.180	63.210	63.175	63.195	1
2025-11-06 14:26	63.200	63.220	63.122	63.132	1
2025-11-06 14:27	63.145	63.175	63.117	63.165	1
2025-11-06 14:28	63.170	63.222	63.122	63.152	1
2025-11-06 14:29	63.150	63.175	63.120	63.145	1
2025-11-06 14:30	63.135	63.180	63.117	63.117	1
2025-11-06 14:31	63.125	63.155	63.117	63.122	1
2025-11-06 14:32	63.130	63.142	63.117	63.125	1
2025-11-06 14:33	63.120	63.165	63.117	63.122	1
2025-11-06 14:34	63.135	63.175	63.132	63.162	1
2025-11-06 14:35	63.160	63.162	63.117	63.122	1
2025-11-06 14:36	63.135	63.175	63.125	63.155	1
2025-11-06 14:37	63.162	63.295	63.162	63.282	1
2025-11-06 14:38	63.295	63.325	63.295	63.312	1
2025-11-06 14:39	63.325	63.345	63.302	63.315	1
2025-11-06 14:40	63.320	63.325	63.252	63.252	1
2025-11-06 14:41	63.245	63.245	63.162	63.185	1
2025-11-06 14:42	63.180	63.212	63.145	63.185	1
2025-11-06 14:43	63.190	63.190	63.132	63.142	1
2025-11-06 14:44	63.155	63.170	63.117	63.122	1
2025-11-06 14:45	63.135	63.175	63.132	63.162	1
2025-11-06 14:46	63.175	63.205	63.162	63.200	1
2025-11-06 14:47	63.195	63.235	63.192	63.205	1
2025-11-06 14:48	63.195	63.235	63.192	63.215	1
2025-11-06 14:49	63.220	63.225	63.160	63.182	1
2025-11-06 14:50	63.175	63.185	63.117	63.122	1
2025-11-06 14:51	63.117	63.150	63.062	63.092	1
2025-11-06 14:52	63.105	63.120	63.052	63.065	1
2025-11-06 14:53	63.055	63.115	63.052	63.115	1
2025-11-06 14:54	63.125	63.135	63.072	63.072	1
2025-11-06 14:55	63.085	63.115	63.072	63.097	1
2025-11-06 14:56	63.095	63.105	63.062	63.090	1
2025-11-06 14:57	63.085	63.155	63.082	63.150	1
2025-11-06 14:58	63.152	63.170	63.132	63.132	1
2025-11-06 14:59	63.137	63.137	63.062	63.072	1
2025-11-06 15:00	63.068	63.068	63.022	63.035	1
2025-11-06 15:01	63.030	63.045	62.952	62.962	1
2025-11-06 15:02	62.955	62.965	62.922	62.962	1
2025-11-06 15:03	62.985	63.035	62.982	63.015	1
2025-11-06 15:04	63.025	63.025	62.957	62.962	1
2025-11-06 15:05	62.960	62.995	62.942	62.960	1
2025-11-06 15:06	62.952	63.055	62.952	63.055	1
2025-11-06 15:07	63.065	63.125	63.032	63.075	1
2025-11-06 15:08	63.070	63.095	63.022	63.032	1
2025-11-06 15:09	63.025	63.025	62.952	62.962	1
2025-11-06 15:10	62.975	63.065	62.972	63.065	1
2025-11-06 15:11	63.062	63.140	63.060	63.105	1
2025-11-06 15:12	63.115	63.125	63.062	63.082	1
2025-11-06 15:13	63.075	63.095	63.040	63.045	1
2025-11-06 15:14	63.055	63.085	62.992	62.995	1
2025-11-06 15:15	63.005	63.040	62.957	63.015	1
2025-11-06 15:16	63.025	63.065	62.982	62.982	1
2025-11-06 15:17	62.975	63.022	62.975	62.992	1
2025-11-06 15:18	62.990	63.030	62.982	63.030	1
2025-11-06 15:19	63.025	63.115	63.025	63.097	1
2025-11-06 15:20	63.095	63.155	63.080	63.142	1
2025-11-06 15:21	63.155	63.165	63.092	63.142	1
2025-11-06 15:22	63.125	63.145	63.122	63.132	1
2025-11-06 15:23	63.125	63.155	63.102	63.152	1
2025-11-06 15:24	63.165	63.175	63.115	63.122	1
2025-11-06 15:25	63.127	63.145	63.082	63.092	1
2025-11-06 15:26	63.090	63.100	63.052	63.052	1
2025-11-06 15:27	63.045	63.065	63.042	63.050	1
2025-11-06 15:28	63.042	63.060	63.015	63.032	1
2025-11-06 15:29	63.037	63.045	63.005	63.015	1
2025-11-06 15:30	62.995	63.005	62.962	62.962	1
2025-11-06 15:31	62.970	63.030	62.962	63.002	1
2025-11-06 15:32	63.000	63.020	62.972	62.985	1
2025-11-06 15:33	62.992	63.005	62.955	62.955	1
2025-11-06 15:34	62.965	62.975	62.932	62.972	1
2025-11-06 15:35	62.985	63.015	62.960	63.005	1
2025-11-06 15:36	62.995	63.000	62.962	62.975	1
2025-11-06 15:37	62.980	63.005	62.962	62.982	1
2025-11-06 15:38	62.990	63.005	62.972	62.997	1
2025-11-06 15:39	62.990	62.990	62.955	62.970	1
2025-11-06 15:40	62.965	62.985	62.942	62.945	1
2025-11-06 15:41	62.935	62.945	62.832	62.852	1
2025-11-06 15:42	62.850	62.885	62.822	62.842	1
2025-11-06 15:43	62.840	62.935	62.832	62.892	1
2025-11-06 15:44	62.910	62.915	62.832	62.835	1
2025-11-06 15:45	62.825	62.905	62.822	62.902	1
2025-11-06 15:46	62.910	62.955	62.910	62.942	1
2025-11-06 15:47	62.935	62.940	62.907	62.925	1
2025-11-06 15:48	62.935	63.015	62.902	62.982	1
2025-11-06 15:49	62.977	63.005	62.950	62.975	1
2025-11-06 15:50	62.970	63.020	62.922	62.922	1
2025-11-06 15:51	62.920	62.955	62.912	62.935	1
2025-11-06 15:52	62.945	62.965	62.922	62.955	1
2025-11-06 15:53	62.960	62.995	62.942	62.975	1
2025-11-06 15:54	62.985	63.045	62.982	63.042	1
2025-11-06 15:55	63.050	63.095	63.025	63.075	1
2025-11-06 15:56	63.065	63.085	63.042	63.062	1
2025-11-06 15:57	63.075	63.125	63.072	63.098	1
2025-11-06 15:58	63.108	63.165	63.108	63.120	1
2025-11-06 15:59	63.115	63.155	63.092	63.092	1
2025-11-06 16:00	63.090	63.190	63.085	63.185	1
2025-11-06 16:01	63.175	63.200	63.152	63.175	1
2025-11-06 16:02	63.180	63.225	63.172	63.212	1
2025-11-06 16:03	63.210	63.230	63.172	63.175	1
2025-11-06 16:04	63.165	63.205	63.152	63.152	1
2025-11-06 16:05	63.160	63.165	63.142	63.152	1
2025-11-06 16:06	63.165	63.185	63.152	63.152	1
2025-11-06 16:07	63.165	63.185	63.140	63.152	1
2025-11-06 16:08	63.160	63.215	63.138	63.215	1
2025-11-06 16:09	63.220	63.265	63.195	63.260	1
2025-11-06 16:10	63.255	63.275	63.195	63.195	1
2025-11-06 16:11	63.185	63.215	63.182	63.215	1
2025-11-06 16:12	63.205	63.255	63.202	63.222	1
2025-11-06 16:13	63.235	63.325	63.232	63.312	1
2025-11-06 16:14	63.310	63.325	63.282	63.307	1
2025-11-06 16:15	63.305	63.315	63.242	63.252	1
2025-11-06 16:16	63.260	63.285	63.222	63.225	1
2025-11-06 16:17	63.235	63.295	63.225	63.282	1
2025-11-06 16:18	63.280	63.290	63.248	63.257	1
2025-11-06 16:19	63.262	63.280	63.240	63.262	1
2025-11-06 16:20	63.270	63.310	63.270	63.302	1
2025-11-06 16:21	63.300	63.300	63.260	63.272	1
2025-11-06 16:22	63.267	63.277	63.232	63.267	1
2025-11-06 16:23	63.277	63.300	63.252	63.262	1
2025-11-06 16:24	63.272	63.290	63.250	63.265	1
2025-11-06 16:25	63.255	63.262	63.202	63.225	1
2025-11-06 16:26	63.220	63.235	63.192	63.227	1
2025-11-06 16:27	63.232	63.245	63.185	63.222	1
2025-11-06 16:28	63.220	63.275	63.212	63.272	1
2025-11-06 16:29	63.300	63.385	63.268	63.345	1
2025-11-06 16:30	63.342	63.395	63.262	63.265	1
2025-11-06 16:31	63.260	63.265	63.192	63.215	1
2025-11-06 16:32	63.210	63.210	63.142	63.172	1
2025-11-06 16:33	63.165	63.165	63.087	63.090	1
2025-11-06 16:34	63.095	63.155	63.087	63.092	1
2025-11-06 16:35	63.090	63.095	63.012	63.032	1
2025-11-06 16:36	63.027	63.032	62.975	63.002	1
2025-11-06 16:37	63.000	63.055	63.000	63.042	1
2025-11-06 16:38	63.055	63.145	63.052	63.095	1
2025-11-06 16:39	63.090	63.105	63.055	63.062	1
2025-11-06 16:40	63.060	63.070	63.015	63.052	1
2025-11-06 16:41	63.065	63.070	63.022	63.062	1
2025-11-06 16:42	63.067	63.105	63.062	63.072	1
2025-11-06 16:43	63.065	63.065	63.002	63.025	1
2025-11-06 16:44	63.030	63.032	63.005	63.020	1
2025-11-06 16:45	63.012	63.060	63.012	63.022	1
2025-11-06 16:46	63.030	63.055	63.022	63.045	1
2025-11-06 16:47	63.032	63.035	63.002	63.002	1
2025-11-06 16:48	63.015	63.015	62.965	62.965	1
2025-11-06 16:49	62.972	63.005	62.970	62.985	1
2025-11-06 16:50	62.975	62.995	62.922	62.925	1
2025-11-06 16:51	62.932	62.955	62.922	62.942	1
2025-11-06 16:52	62.955	62.972	62.932	62.972	1
2025-11-06 16:53	62.995	63.010	62.982	62.982	1
2025-11-06 16:54	62.995	63.045	62.982	63.032	1
2025-11-06 16:55	63.025	63.065	63.007	63.015	1
2025-11-06 16:56	63.010	63.010	62.942	62.942	1
2025-11-06 16:57	62.940	62.985	62.940	62.975	1
2025-11-06 16:58	62.975	62.985	62.962	62.982	1
2025-11-06 16:59	62.987	62.990	62.942	62.952	1