2024-07-23 00:00	82.235	82.613	82.203	82.418	216
2024-07-23 04:00	82.423	82.533	82.283	82.403	217
2024-07-23 08:00	82.398	82.758	81.917	82.138	240
2024-07-23 12:00	82.133	82.143	80.493	80.583	240
2024-07-23 16:00	80.593	81.423	80.537	81.383	238
2024-07-23 20:00	81.388	81.567	81.297	81.522	58
2024-07-24 00:00	81.442	81.458	81.138	81.303	227
2024-07-24 04:00	81.298	81.493	81.108	81.383	231
2024-07-24 08:00	81.393	81.893	81.313	81.823	240
2024-07-24 12:00	81.818	82.198	80.913	81.823	240
2024-07-24 16:00	81.828	82.138	81.493	81.548	240
2024-07-24 20:00	81.542	81.572	81.407	81.492	57
2024-07-25 00:00	81.523	81.533	80.983	81.073	230
2024-07-25 04:00	81.068	81.263	80.927	81.263	221
2024-07-25 08:00	81.273	81.403	80.133	80.133	240
2024-07-25 12:00	80.128	81.983	80.068	81.973	240
2024-07-25 16:00	81.967	82.508	81.863	82.263	239
2024-07-25 20:00	82.268	82.482	82.187	82.432	58
2024-07-26 00:00	82.367	82.668	82.262	82.508	234
2024-07-26 04:00	82.518	82.598	82.268	82.293	221
2024-07-26 08:00	82.298	82.423	81.858	81.898	240
2024-07-26 12:00	81.903	81.958	80.298	80.883	240
2024-07-26 16:00	80.893	81.473	80.503	80.783	240
2024-07-26 20:00	80.760	80.895	80.675	80.675	40
2024-07-29 00:00	80.508	80.673	80.203	80.548	229
2024-07-29 04:00	80.543	80.838	80.213	80.433	226
2024-07-29 08:00	80.427	80.443	79.718	79.733	240
2024-07-29 12:00	79.743	80.593	78.723	78.863	240
2024-07-29 16:00	78.858	79.163	78.637	79.008	239
2024-07-29 20:00	79.013	79.107	78.967	79.107	59
2024-07-30 00:00	78.852	78.903	78.600	78.613	230
2024-07-30 04:00	78.623	79.023	78.543	79.013	216
2024-07-30 08:00	79.018	79.183	78.433	78.463	240
2024-07-30 12:00	78.468	78.733	77.943	77.973	240
2024-07-30 16:00	77.983	78.573	77.933	78.378	240
2024-07-30 20:00	78.383	78.567	78.307	78.492	59
2024-07-31 00:00	78.532	79.233	78.438	79.133	239
2024-07-31 04:00	79.127	79.673	79.123	79.343	239
2024-07-31 08:00	79.337	80.583	79.223	80.463	240
2024-07-31 12:00	80.473	80.653	79.748	80.373	240
2024-07-31 16:00	80.367	81.463	80.363	81.333	240
2024-07-31 20:00	81.328	81.567	81.277	81.512	60
2024-08-01 00:00	81.438	81.603	81.113	81.328	236
2024-08-01 04:00	81.333	81.768	81.173	81.508	233
2024-08-01 08:00	81.502	81.693	81.243	81.323	239
2024-08-01 12:00	81.318	81.603	80.140	80.198	240
2024-08-01 16:00	80.203	80.393	79.418	80.128	240
2024-08-01 20:00	80.133	80.182	79.987	80.087	60
2024-08-02 00:00	79.922	80.273	79.668	80.118	238
2024-08-02 04:00	80.123	80.423	79.908	80.363	239
2024-08-02 08:00	80.357	80.433	78.762	78.998	240
2024-08-02 12:00	78.993	78.997	76.623	77.048	240
2024-08-02 16:00	77.053	77.423	76.403	77.218	240
2024-08-02 20:00	77.223	77.467	77.202	77.380	60
2024-08-05 00:00	77.282	77.323	76.343	77.028	238
2024-08-05 04:00	77.023	77.043	75.743	76.253	240
2024-08-05 08:00	76.247	76.473	75.028	75.173	240
2024-08-05 12:00	75.168	76.848	75.143	76.433	240
2024-08-05 16:00	76.438	77.118	76.103	77.098	240
2024-08-05 20:00	77.098	77.372	77.057	77.227	60
2024-08-06 00:00	77.388	77.793	77.043	77.218	240
2024-08-06 04:00	77.223	77.413	76.203	76.313	239
2024-08-06 08:00	76.323	76.893	76.112	76.193	240
2024-08-06 12:00	76.213	77.128	75.573	76.853	240
2024-08-06 16:00	76.848	77.067	76.283	76.283	240
2024-08-06 20:00	76.288	76.462	76.087	76.292	60
2024-08-07 00:00	76.123	76.593	75.943	76.558	238
2024-08-07 04:00	76.553	76.913	76.278	76.783	239
2024-08-07 08:00	76.798	78.143	76.558	78.113	240
2024-08-07 12:00	78.117	78.843	77.538	78.823	240
2024-08-07 16:00	78.817	78.843	78.113	78.418	240
2024-08-07 20:00	78.423	78.587	78.357	78.487	59
2024-08-08 00:00	78.535	78.673	78.278	78.593	240
2024-08-08 04:00	78.588	78.683	77.788	78.038	240
2024-08-08 08:00	78.047	78.438	77.613	78.293	240
2024-08-08 12:00	78.313	79.033	78.023	78.613	240
2024-08-08 16:00	78.623	79.353	78.558	79.033	240
2024-08-08 20:00	79.038	79.077	78.972	79.032	58
2024-08-09 00:00	79.093	79.313	78.813	79.258	231
2024-08-09 04:00	79.253	79.293	78.943	79.013	229
2024-08-09 08:00	79.008	79.573	78.753	79.543	240
2024-08-09 12:00	79.538	79.663	78.808	79.528	240
2024-08-09 16:00	79.523	79.793	79.273	79.698	240
2024-08-09 20:00	79.692	79.737	79.617	79.650	56
2024-08-12 00:00	79.472	79.853	79.433	79.738	228
2024-08-12 04:00	79.743	80.173	79.737	80.143	231
2024-08-12 08:00	80.158	80.463	79.968	80.443	239
2024-08-12 12:00	80.438	81.233	80.263	81.213	240
2024-08-12 16:00	81.213	82.383	81.103	81.883	240
2024-08-12 20:00	81.878	81.967	81.832	81.947	60
2024-08-13 00:00	81.845	81.943	81.483	81.628	240
2024-08-13 04:00	81.623	81.953	81.603	81.833	235
2024-08-13 08:00	81.848	82.273	81.698	81.723	239
2024-08-13 12:00	81.717	81.958	80.723	80.808	240
2024-08-13 16:00	80.813	81.028	80.533	80.798	240
2024-08-13 20:00	80.803	80.952	80.653	80.927	60
2024-08-14 00:00	80.968	81.373	80.883	81.188	235
2024-08-14 04:00	81.183	81.303	80.928	81.108	237
2024-08-14 08:00	81.123	81.408	80.308	80.663	240
2024-08-14 12:00	80.668	81.163	79.943	80.393	240
2024-08-14 16:00	80.387	80.493	79.588	79.867	240
2024-08-14 20:00	79.868	79.872	79.762	79.855	59
2024-08-15 00:00	79.942	80.053	79.608	79.943	237
2024-08-15 04:00	79.937	80.273	79.753	80.183	238
2024-08-15 08:00	80.188	80.558	79.833	80.503	239
2024-08-15 12:00	80.498	81.403	80.203	81.273	240
2024-08-15 16:00	81.267	81.323	80.768	80.868	240
2024-08-15 20:00	80.863	80.967	80.802	80.932	49
2024-08-16 00:00	80.842	80.993	80.738	80.798	233
2024-08-16 04:00	80.793	80.893	80.617	80.873	230
2024-08-16 08:00	80.893	80.973	78.603	78.953	240
2024-08-16 12:00	78.937	80.093	78.898	79.813	240
2024-08-16 16:00	79.823	80.058	79.343	79.788	240
2024-08-16 20:00	79.788	79.842	79.585	79.615	59
2024-08-19 00:00	79.368	79.733	79.263	79.558	237
2024-08-19 04:00	79.563	79.633	79.033	79.038	231
2024-08-19 08:00	79.043	79.463	78.713	79.118	240
2024-08-19 12:00	79.113	79.723	78.753	78.853	240
2024-08-19 16:00	78.873	78.928	77.473	77.733	240
2024-08-19 20:00	77.728	77.837	77.702	77.737	58
2024-08-20 00:00	77.615	77.743	76.983	77.013	234
2024-08-20 04:00	77.018	77.298	76.793	76.958	228
2024-08-20 08:00	76.953	77.963	76.533	77.883	240
2024-08-20 12:00	77.867	78.313	77.028	77.193	240
2024-08-20 16:00	77.203	77.547	77.063	77.198	239
2024-08-20 20:00	77.203	77.282	77.100	77.127	57
2024-08-21 00:00	77.108	77.318	76.933	77.063	223
2024-08-21 04:00	77.058	77.433	76.983	77.093	230
2024-08-21 08:00	77.103	77.693	76.993	77.418	239
2024-08-21 12:00	77.413	78.173	76.527	76.553	240
2024-08-21 16:00	76.547	76.688	75.623	76.073	240
2024-08-21 20:00	76.073	76.107	75.927	76.087	59
2024-08-22 00:00	75.943	76.123	75.743	76.023	227
2024-08-22 04:00	76.033	76.133	75.843	75.878	233
2024-08-22 08:00	75.893	76.553	75.803	76.513	240
2024-08-22 12:00	76.508	77.473	76.163	77.403	240
2024-08-22 16:00	77.393	77.673	76.973	77.053	237
2024-08-22 20:00	77.063	77.167	77.047	77.137	58
2024-08-23 00:00	77.223	77.338	77.013	77.243	238
2024-08-23 04:00	77.237	77.613	77.158	77.563	230
2024-08-23 08:00	77.573	78.518	77.488	78.487	239
2024-08-23 12:00	78.483	79.013	78.103	78.903	240
2024-08-23 16:00	78.893	79.243	78.813	79.003	236
2024-08-23 20:00	78.997	79.072	78.972	79.035	52
2024-08-26 00:00	79.582	79.643	79.458	79.538	237
2024-08-26 04:00	79.543	79.863	79.463	79.817	237
2024-08-26 08:00	79.813	81.368	79.703	81.213	240
2024-08-26 12:00	81.223	81.553	80.903	81.023	240
2024-08-26 16:00	81.013	81.518	80.853	81.178	239
2024-08-26 20:00	81.193	81.193	81.080	81.170	37
2024-08-27 00:00	80.148	80.193	79.837	80.103	230
2024-08-27 04:00	80.097	80.433	80.033	80.043	231
2024-08-27 08:00	80.063	80.238	79.503	79.958	238
2024-08-27 12:00	79.963	80.023	78.848	78.968	240
2024-08-27 16:00	78.963	78.973	78.537	78.783	239
2024-08-27 20:00	78.788	78.967	78.707	78.882	55
2024-08-28 00:00	78.895	79.077	78.633	78.743	234
2024-08-28 04:00	78.748	78.783	78.413	78.453	234
2024-08-28 08:00	78.463	78.493	77.128	77.593	240
2024-08-28 12:00	77.588	78.473	77.257	77.853	240
2024-08-28 16:00	77.847	78.153	77.502	77.723	240
2024-08-28 20:00	77.717	77.757	77.362	77.377	59
2024-08-29 00:00	77.422	77.833	77.413	77.703	230
2024-08-29 04:00	77.713	77.823	77.533	77.703	223
2024-08-29 08:00	77.713	77.963	76.993	77.923	240
2024-08-29 12:00	77.918	79.543	77.728	78.473	240
2024-08-29 16:00	78.467	78.963	78.373	78.918	237
2024-08-29 20:00	78.913	78.952	78.797	78.932	57
2024-08-30 00:00	78.638	79.093	78.608	79.043	235
2024-08-30 04:00	79.048	79.503	78.968	79.213	237
2024-08-30 08:00	79.233	79.373	78.533	78.853	240
2024-08-30 12:00	78.847	78.993	76.683	77.218	240
2024-08-30 16:00	77.223	77.353	76.707	76.923	239
2024-08-30 20:00	76.938	77.017	76.897	77.000	60
2024-09-02 00:00	76.332	76.703	76.198	76.303	238
2024-09-02 04:00	76.298	76.853	76.223	76.753	220
2024-09-02 08:00	76.773	77.218	76.578	76.803	238
2024-09-02 12:00	76.798	77.507	76.692	77.503	240
2024-09-02 16:00	77.497	77.603	77.243	77.248	89
2024-09-03 00:00	77.098	77.463	77.038	77.228	239
2024-09-03 04:00	77.233	77.523	77.013	77.073	230
2024-09-03 08:00	77.067	77.248	75.418	75.833	240
2024-09-03 12:00	75.838	76.283	73.848	74.023	240
2024-09-03 16:00	74.033	74.243	73.498	73.753	237
2024-09-03 20:00	73.753	73.807	73.572	73.637	59
2024-09-04 00:00	73.645	73.718	73.163	73.303	238
2024-09-04 04:00	73.308	73.523	72.667	72.683	237
2024-09-04 08:00	72.677	74.783	72.613	74.133	240
2024-09-04 12:00	74.127	74.178	72.733	73.293	240
2024-09-04 16:00	73.288	73.348	72.333	72.373	238
2024-09-04 20:00	72.378	72.737	72.327	72.707	59
2024-09-05 00:00	72.727	73.143	72.718	72.793	239
2024-09-05 04:00	72.798	73.208	72.798	73.098	235
2024-09-05 08:00	73.093	73.623	72.928	73.113	240
2024-09-05 12:00	73.107	74.162	72.843	72.927	240
2024-09-05 16:00	72.927	73.122	72.347	72.657	238
2024-09-05 20:00	72.652	72.802	72.587	72.792	59
2024-09-06 00:00	72.787	72.932	72.607	72.677	238
2024-09-06 04:00	72.672	73.167	72.577	73.062	235
2024-09-06 08:00	73.067	73.217	72.457	73.017	240
2024-09-06 12:00	73.012	73.497	71.002	71.042	240
2024-09-06 16:00	71.037	71.527	70.597	71.512	240
2024-09-06 20:00	71.512	71.537	71.397	71.490	60
2024-09-09 00:00	71.657	72.147	71.507	71.907	239
2024-09-09 04:00	71.902	72.147	71.532	71.997	233
2024-09-09 08:00	71.992	72.187	71.352	71.892	240
2024-09-09 12:00	71.887	71.887	70.627	71.452	240
2024-09-09 16:00	71.452	72.042	71.347	71.667	240
2024-09-09 20:00	71.667	71.967	71.667	71.917	59
2024-09-10 00:00	71.880	72.247	71.702	71.742	238
2024-09-10 04:00	71.737	71.797	71.337	71.697	239
2024-09-10 08:00	71.733	71.737	70.687	70.942	240
2024-09-10 12:00	70.947	71.822	68.652	68.927	240
2024-09-10 16:00	68.927	69.607	68.867	69.567	240
2024-09-10 20:00	69.557	69.762	69.547	69.682	60
2024-09-11 00:00	69.622	69.792	69.287	69.572	240
2024-09-11 04:00	69.572	70.457	69.427	70.257	236
2024-09-11 08:00	70.257	70.897	70.107	70.617	240
2024-09-11 12:00	70.622	70.672	68.977	70.452	240
2024-09-11 16:00	70.452	71.052	70.127	70.427	240
2024-09-11 20:00	70.432	70.707	70.417	70.707	54
2024-09-12 00:00	70.552	71.052	70.552	71.047	240
2024-09-12 04:00	71.052	71.837	70.992	71.597	240
2024-09-12 08:00	71.597	71.903	71.157	71.577	240
2024-09-12 12:00	71.582	72.847	71.017	72.347	240
2024-09-12 16:00	72.347	72.587	71.887	72.222	239
2024-09-12 20:00	72.212	72.217	72.102	72.122	60
2024-09-13 00:00	72.282	72.417	72.142	72.282	238
2024-09-13 04:00	72.277	72.493	72.172	72.197	239
2024-09-13 08:00	72.228	72.777	72.167	72.707	240
2024-09-13 12:00	72.707	73.207	72.257	72.307	240
2024-09-13 16:00	72.307	72.408	71.447	72.102	240
2024-09-13 20:00	72.102	72.137	71.997	72.055	58
2024-09-16 00:00	71.693	71.827	71.537	71.622	236
2024-09-16 04:00	71.632	72.347	71.497	72.117	237
2024-09-16 08:00	72.122	72.387	71.647	72.157	238
2024-09-16 12:00	72.152	73.363	71.907	72.582	240
2024-09-16 16:00	72.567	73.012	72.372	72.917	238
2024-09-16 20:00	72.917	72.992	72.877	72.932	59
2024-09-17 00:00	72.887	73.092	72.822	73.037	218
2024-09-17 04:00	73.032	73.183	72.547	72.552	229
2024-09-17 08:00	72.547	72.922	72.137	72.792	240
2024-09-17 12:00	72.792	73.767	72.437	73.737	240
2024-09-17 16:00	73.737	74.247	73.532	73.812	240
2024-09-17 20:00	73.807	73.877	73.617	73.672	60
2024-09-18 00:00	73.648	73.742	73.242	73.387	239
2024-09-18 04:00	73.382	73.422	73.037	73.192	238
2024-09-18 08:00	73.187	73.247	72.277	73.062	240
2024-09-18 12:00	73.057	73.863	72.747	73.097	240
2024-09-18 16:00	73.097	74.067	72.702	72.777	240
2024-09-18 20:00	72.777	72.972	72.727	72.917	59
2024-09-19 00:00	73.122	73.672	72.882	73.672	240
2024-09-19 04:00	73.677	74.507	73.587	74.497	237
2024-09-19 08:00	74.507	74.697	74.017	74.322	240
2024-09-19 12:00	74.327	75.077	73.802	74.907	240
2024-09-19 16:00	74.912	75.147	74.637	74.762	236
2024-09-19 20:00	74.757	74.847	74.732	74.792	58
2024-09-20 00:00	74.752	74.782	74.467	74.697	239
2024-09-20 04:00	74.697	74.837	74.427	74.497	239
2024-09-20 08:00	74.497	74.807	74.227	74.547	240
2024-09-20 12:00	74.547	74.962	73.977	74.427	240
2024-09-20 16:00	74.427	74.917	74.347	74.682	240
2024-09-20 20:00	74.687	74.707	74.552	74.670	58
2024-09-23 00:00	74.497	75.097	74.467	74.982	239
2024-09-23 04:00	74.987	75.097	74.162	74.522	239
2024-09-23 08:00	74.517	74.827	74.217	74.737	240
2024-09-23 12:00	74.737	75.143	73.377	73.527	240
2024-09-23 16:00	73.527	74.042	73.077	74.022	239
2024-09-23 20:00	74.017	74.222	73.977	74.217	58
2024-09-24 00:00	74.117	74.623	73.917	74.527	237
2024-09-24 04:00	74.532	74.957	74.477	74.777	238
2024-09-24 08:00	74.777	75.837	74.757	75.427	240
2024-09-24 12:00	75.427	75.807	74.637	75.057	240
2024-09-24 16:00	75.057	75.242	74.807	75.107	239
2024-09-24 20:00	75.122	75.147	74.987	75.132	58
2024-09-25 00:00	75.152	75.333	74.787	74.927	239
2024-09-25 04:00	74.927	75.037	74.697	74.862	236
2024-09-25 08:00	74.867	75.227	73.992	74.022	240
2024-09-25 12:00	74.027	74.818	73.497	73.908	240
2024-09-25 16:00	73.903	73.963	73.043	73.523	240
2024-09-25 20:00	73.518	73.580	73.465	73.580	57
2024-09-26 00:00	73.375	73.788	73.323	73.553	239
2024-09-26 04:00	73.568	73.578	70.705	71.918	239
2024-09-26 08:00	71.928	72.423	71.203	71.328	240
2024-09-26 12:00	71.308	72.223	70.758	72.093	240
2024-09-26 16:00	72.088	72.133	71.158	71.218	240
2024-09-26 20:00	71.223	71.335	71.190	71.265	39
2024-09-27 00:00	70.787	70.923	70.438	70.873	238
2024-09-27 04:00	70.883	71.413	70.738	71.293	239
2024-09-27 08:00	71.298	71.518	70.933	71.143	240
2024-09-27 12:00	71.148	71.758	70.423	71.413	240
2024-09-27 16:00	71.408	71.933	70.873	71.873	240
2024-09-27 20:00	71.863	71.940	71.780	71.940	55
2024-09-30 00:00	71.645	72.328	71.488	71.838	240
2024-09-30 04:00	71.848	72.768	71.833	72.053	239
2024-09-30 08:00	72.063	72.363	71.007	71.373	240
2024-09-30 12:00	71.388	72.493	71.133	72.348	240
2024-09-30 16:00	72.363	72.388	71.503	71.758	240
2024-09-30 20:00	71.725	71.880	71.685	71.815	60
2024-10-01 00:00	71.828	71.943	71.703	71.848	238
2024-10-01 04:00	71.853	71.853	70.903	70.943	238
2024-10-01 08:00	70.943	71.533	69.898	71.173	240
2024-10-01 12:00	71.163	74.763	70.613	74.303	240
2024-10-01 16:00	74.313	75.418	73.358	73.958	240
2024-10-01 20:00	73.962	74.427	73.957	74.367	60
2024-10-02 00:00	74.457	74.738	74.223	74.523	240
2024-10-02 04:00	74.518	75.513	74.493	75.193	240
2024-10-02 08:00	75.213	76.113	74.893	75.513	240
2024-10-02 12:00	75.507	76.018	73.633	73.643	240
2024-10-02 16:00	73.638	74.703	73.573	74.673	240
2024-10-02 20:00	74.667	74.727	74.577	74.682	59
2024-10-03 00:00	74.562	74.813	74.443	74.778	239
2024-10-03 04:00	74.783	75.077	74.518	74.643	237
2024-10-03 08:00	74.668	75.573	74.298	75.073	240
2024-10-03 12:00	75.067	77.608	74.988	76.878	240
2024-10-03 16:00	76.873	77.963	76.778	77.743	240
2024-10-03 20:00	77.753	77.768	77.392	77.577	60
2024-10-04 00:00	77.772	77.838	77.443	77.493	239
2024-10-04 04:00	77.498	78.403	77.363	78.203	240
2024-10-04 08:00	78.213	78.973	78.083	78.753	240
2024-10-04 12:00	78.747	78.747	77.723	78.643	240
2024-10-04 16:00	78.653	79.267	77.788	78.098	240
2024-10-04 20:00	78.108	78.317	78.015	78.065	58
2024-10-07 00:00	77.477	77.788	77.357	77.698	240
2024-10-07 04:00	77.693	78.813	77.608	78.543	240
2024-10-07 08:00	78.563	79.913	78.563	79.393	240
2024-10-07 12:00	79.383	80.763	78.633	80.763	240
2024-10-07 16:00	80.757	81.138	80.228	81.053	239
2024-10-07 20:00	81.058	81.107	80.962	81.012	59
2024-10-08 00:00	80.973	81.128	79.178	79.663	240
2024-10-08 04:00	79.657	79.863	79.293	79.453	240
2024-10-08 08:00	79.463	79.803	78.903	79.223	240
2024-10-08 12:00	79.228	79.573	76.833	77.158	240
2024-10-08 16:00	77.153	78.213	76.353	77.513	240
2024-10-08 20:00	77.508	77.582	77.212	77.462	60
2024-10-09 00:00	77.472	77.803	77.183	77.448	240
2024-10-09 04:00	77.443	77.963	77.378	77.723	238
2024-10-09 08:00	77.718	78.003	76.487	76.933	240
2024-10-09 12:00	76.928	77.383	75.163	76.613	240
2024-10-09 16:00	76.623	76.868	75.737	76.743	240
2024-10-09 20:00	76.748	76.777	76.577	76.692	60
2024-10-10 00:00	76.863	77.283	76.713	77.123	228
2024-10-10 04:00	77.133	77.243	76.758	77.128	236
2024-10-10 08:00	77.148	77.843	76.983	77.173	240
2024-10-10 12:00	77.167	78.948	77.118	78.853	240
2024-10-10 16:00	78.863	79.693	78.713	79.398	240
2024-10-10 20:00	79.408	79.412	78.862	79.037	60
2024-10-11 00:00	79.135	79.353	78.793	79.123	240
2024-10-11 04:00	79.128	79.328	78.013	78.518	240
2024-10-11 08:00	78.528	78.973	78.223	78.728	240
2024-10-11 12:00	78.733	79.473	78.323	79.003	240
2024-10-11 16:00	78.998	79.403	78.613	78.998	240
2024-10-11 20:00	78.993	79.187	78.747	78.835	57
2024-10-14 00:00	77.662	78.253	77.483	78.103	240
2024-10-14 04:00	78.113	78.263	77.558	77.688	239
2024-10-14 08:00	77.693	78.123	76.858	77.353	240
2024-10-14 12:00	77.358	78.123	77.098	77.323	240
2024-10-14 16:00	77.317	77.873	77.133	77.548	240
2024-10-14 20:00	77.553	77.617	75.357	75.377	58
2024-10-15 00:00	75.207	75.548	75.000	75.168	240
2024-10-15 04:00	75.163	75.193	74.233	74.483	239
2024-10-15 08:00	74.477	74.633	73.318	74.383	240
2024-10-15 12:00	74.388	74.763	73.405	73.448	240
2024-10-15 16:00	73.468	74.733	73.438	74.563	240
2024-10-15 20:00	74.578	74.702	74.477	74.702	59
2024-10-16 00:00	74.675	74.758	74.308	74.433	240
2024-10-16 04:00	74.443	74.897	74.303	74.323	240
2024-10-16 08:00	74.318	74.563	73.687	73.893	240
2024-10-16 12:00	73.903	74.613	73.425	74.153	240
2024-10-16 16:00	74.153	74.453	74.073	74.323	240
2024-10-16 20:00	74.328	74.497	74.287	74.492	59
2024-10-17 00:00	74.508	74.893	74.283	74.398	240
2024-10-17 04:00	74.403	74.523	73.873	73.993	239
2024-10-17 08:00	73.998	74.633	73.983	74.268	240
2024-10-17 12:00	74.273	74.653	73.933	74.218	240
2024-10-17 16:00	74.213	74.573	73.243	74.518	240
2024-10-17 20:00	74.513	74.557	74.432	74.487	59
2024-10-18 00:00	74.558	74.863	74.433	74.533	240
2024-10-18 04:00	74.538	74.923	74.383	74.458	238
2024-10-18 08:00	74.463	74.753	73.903	74.273	240
2024-10-18 12:00	74.278	74.513	72.483	72.893	240
2024-10-18 16:00	72.903	73.773	72.878	73.258	240
2024-10-18 20:00	73.253	73.253	73.057	73.135	60
2024-10-21 00:00	73.153	73.383	72.828	73.378	240
2024-10-21 04:00	73.373	73.623	73.193	73.593	237
2024-10-21 08:00	73.587	74.543	73.458	74.403	240
2024-10-21 12:00	74.413	74.503	73.503	74.113	240
2024-10-21 16:00	74.113	74.538	74.023	74.033	239
2024-10-21 20:00	74.038	74.137	73.962	73.992	60
2024-10-22 00:00	74.242	74.242	73.823	74.058	240
2024-10-22 04:00	74.063	74.198	73.562	73.818	239
2024-10-22 08:00	73.848	75.123	73.718	74.843	240
2024-10-22 12:00	74.853	76.003	74.563	75.973	240
2024-10-22 16:00	75.967	76.293	75.723	75.753	239
2024-10-22 20:00	75.758	75.763	75.532	75.577	60
2024-10-23 00:00	75.713	75.923	75.608	75.878	240
2024-10-23 04:00	75.873	76.018	75.483	75.498	238
2024-10-23 08:00	75.523	75.643	74.403	74.713	240
2024-10-23 12:00	74.723	75.673	74.613	74.953	240
2024-10-23 16:00	74.947	75.218	74.623	75.193	240
2024-10-23 20:00	75.188	75.257	75.132	75.242	57
2024-10-24 00:00	75.318	75.913	75.308	75.793	240
2024-10-24 04:00	75.783	76.153	75.613	76.113	240
2024-10-24 08:00	76.123	76.513	75.193	75.203	240
2024-10-24 12:00	75.197	75.773	74.163	74.188	240
2024-10-24 16:00	74.198	74.753	73.983	74.733	239
2024-10-24 20:00	74.727	74.727	74.522	74.542	59
2024-10-25 00:00	74.623	74.908	74.473	74.508	238
2024-10-25 04:00	74.503	74.813	74.298	74.348	233
2024-10-25 08:00	74.368	75.013	74.158	74.868	240
2024-10-25 12:00	74.863	76.073	74.857	75.823	240
2024-10-25 16:00	75.828	76.113	75.373	75.933	240
2024-10-25 20:00	75.938	75.942	75.827	75.935	59
2024-10-28 00:00	72.932	72.987	72.503	72.638	240
2024-10-28 04:00	72.633	73.023	72.493	72.818	236
2024-10-28 08:00	72.838	72.848	71.278	71.593	240
2024-10-28 12:00	71.583	72.288	71.158	72.083	240
2024-10-28 16:00	72.078	72.248	71.333	71.968	238
2024-10-28 20:00	71.978	72.063	71.908	72.013	39
2024-10-29 00:00	71.535	71.535	71.000	71.003	239
2024-10-29 04:00	71.000	71.338	70.783	71.323	239
2024-10-29 08:00	71.318	72.093	71.033	71.773	240
2024-10-29 12:00	71.778	71.918	70.263	70.663	240
2024-10-29 16:00	70.653	70.943	70.483	70.783	240
2024-10-29 20:00	70.778	71.068	70.743	71.038	57
2024-10-30 00:00	70.930	71.113	70.790	71.093	235
2024-10-30 04:00	71.098	71.323	71.053	71.243	235
2024-10-30 08:00	71.253	71.653	71.083	71.478	240
2024-10-30 12:00	71.483	72.633	71.443	72.393	240
2024-10-30 16:00	72.403	72.553	71.818	72.423	240
2024-10-30 20:00	72.433	72.713	72.343	72.643	58
2024-10-31 00:00	72.450	72.613	72.328	72.588	235
2024-10-31 04:00	72.583	72.663	72.173	72.298	232
2024-10-31 08:00	72.303	72.773	71.793	72.658	240
2024-10-31 12:00	72.653	73.233	72.523	72.903	240
2024-10-31 16:00	72.913	74.253	72.420	74.073	240
2024-10-31 20:00	74.078	74.198	73.893	74.078	59
2024-11-01 00:00	74.075	74.200	73.808	74.098	240
2024-11-01 04:00	74.093	74.358	73.963	74.343	234
2024-11-01 08:00	74.333	74.923	73.977	74.213	240
2024-11-01 12:00	74.198	74.698	73.423	73.723	240
2024-11-01 16:00	73.728	73.868	73.003	73.003	238
2024-11-01 20:00	73.013	73.133	72.873	72.883	59
2024-11-04 00:00	74.305	74.378	73.913	74.263	180
2024-11-04 04:00	74.238	74.528	74.203	74.243	229
2024-11-04 08:00	74.248	75.373	74.243	75.268	240
2024-11-04 12:00	75.263	75.273	74.238	74.383	240
2024-11-04 16:00	74.378	75.168	74.313	75.108	240
2024-11-04 20:00	75.103	75.353	74.973	75.255	119
2024-11-05 00:00	74.998	75.238	74.883	75.193	177
2024-11-05 04:00	75.198	75.228	74.953	75.193	238
2024-11-05 08:00	75.203	75.623	75.033	75.333	239
2024-11-05 12:00	75.323	76.013	75.263	75.963	240
2024-11-05 16:00	75.973	76.213	74.983	75.618	239
2024-11-05 20:00	75.613	75.733	75.380	75.440	119
2024-11-06 00:00	75.208	75.263	74.663	74.718	180
2024-11-06 04:00	74.723	74.783	73.618	74.728	240
2024-11-06 08:00	74.738	74.843	73.798	74.663	240
2024-11-06 12:00	74.658	75.913	73.333	75.843	240
2024-11-06 16:00	75.838	75.953	74.753	75.008	240
2024-11-06 20:00	75.003	75.258	75.003	75.160	120
2024-11-07 00:00	74.973	75.598	74.913	75.548	179
2024-11-07 04:00	75.553	75.558	74.833	74.923	239
2024-11-07 08:00	74.918	75.003	74.053	74.228	240
2024-11-07 12:00	74.223	74.893	74.073	74.858	240
2024-11-07 16:00	74.848	76.048	74.723	75.553	240
2024-11-07 20:00	75.543	75.628	75.303	75.495	119
2024-11-08 00:00	75.513	75.583	75.058	75.088	180
2024-11-08 04:00	75.083	75.313	74.993	75.063	240
2024-11-08 08:00	75.073	75.088	74.383	74.823	239
2024-11-08 12:00	74.813	74.983	73.513	73.713	240
2024-11-08 16:00	73.708	74.033	73.423	73.948	240
2024-11-08 20:00	73.953	74.053	73.880	73.960	114
2024-11-11 00:00	73.798	73.808	73.506	73.608	180
2024-11-11 04:00	73.613	73.943	73.506	73.878	235
2024-11-11 08:00	73.883	74.093	72.588	72.813	240
2024-11-11 12:00	72.823	72.888	71.698	71.713	240
2024-11-11 16:00	71.707	72.023	71.565	71.918	240
2024-11-11 20:00	71.923	71.993	71.830	71.895	119
2024-11-12 00:00	71.955	72.068	71.583	71.698	180
2024-11-12 04:00	71.693	71.958	71.533	71.893	236
2024-11-12 08:00	71.883	72.563	71.793	72.308	238
2024-11-12 12:00	72.313	72.803	71.813	71.853	240
2024-11-12 16:00	71.838	72.353	71.553	72.018	240
2024-11-12 20:00	72.023	72.068	71.723	71.723	119
2024-11-13 00:00	71.758	72.208	71.753	72.053	180
2024-11-13 04:00	72.048	72.138	71.873	72.003	240
2024-11-13 08:00	71.993	72.603	71.783	72.158	240
2024-11-13 12:00	72.163	72.288	70.743	71.703	240
2024-11-13 16:00	71.693	72.573	71.693	72.043	240
2024-11-13 20:00	72.048	72.083	71.753	71.885	119
2024-11-14 00:00	72.133	72.233	71.893	71.898	180
2024-11-14 04:00	71.908	72.083	71.773	71.993	240
2024-11-14 08:00	71.998	72.773	71.913	72.518	240
2024-11-14 12:00	72.523	73.193	72.353	72.668	240
2024-11-14 16:00	72.662	73.138	71.923	72.518	240
2024-11-14 20:00	72.523	72.523	72.348	72.385	119
2024-11-15 00:00	72.298	72.368	72.033	72.158	180
2024-11-15 04:00	72.163	72.163	71.333	71.353	235
2024-11-15 08:00	71.343	72.293	71.313	72.288	240
2024-11-15 12:00	72.283	72.463	71.673	72.223	240
2024-11-15 16:00	72.238	72.443	70.823	71.113	239
2024-11-15 20:00	71.108	71.133	70.980	70.990	117
2024-11-18 00:00	71.185	71.443	70.948	71.378	179
2024-11-18 04:00	71.373	71.393	71.053	71.313	237
2024-11-18 08:00	71.323	71.763	70.813	71.438	240
2024-11-18 12:00	71.443	73.063	71.188	72.983	240
2024-11-18 16:00	72.988	73.433	72.733	73.288	240
2024-11-18 20:00	73.283	73.430	73.135	73.160	112
2024-11-19 00:00	73.118	73.463	73.118	73.463	171
2024-11-19 04:00	73.457	73.503	73.108	73.138	236
2024-11-19 08:00	73.143	73.208	72.643	72.893	240
2024-11-19 12:00	72.888	73.848	72.592	73.358	240
2024-11-19 16:00	73.363	73.483	72.793	73.398	240
2024-11-19 20:00	73.403	73.473	73.215	73.240	120
2024-11-20 00:00	73.315	73.388	73.153	73.233	178
2024-11-20 04:00	73.227	73.543	73.163	73.533	233
2024-11-20 08:00	73.523	73.903	73.353	73.623	240
2024-11-20 12:00	73.613	73.913	72.973	73.483	240
2024-11-20 16:00	73.478	73.533	72.683	72.928	240
2024-11-20 20:00	72.923	73.160	72.883	73.020	117
2024-11-21 00:00	73.045	73.203	72.923	72.947	179
2024-11-21 04:00	72.948	73.453	72.888	73.408	234
2024-11-21 08:00	73.403	74.288	73.403	74.268	239
2024-11-21 12:00	74.273	74.353	73.693	74.023	240
2024-11-21 16:00	74.018	74.313	73.478	74.263	240
2024-11-21 20:00	74.258	74.343	74.155	74.230	119
2024-11-22 00:00	74.237	74.633	74.198	74.368	178
2024-11-22 04:00	74.363	74.713	74.172	74.698	239
2024-11-22 08:00	74.693	74.838	73.798	73.833	240
2024-11-22 12:00	73.833	75.123	73.418	74.993	240
2024-11-22 16:00	74.993	75.393	74.593	75.178	240
2024-11-22 20:00	75.173	75.248	74.968	75.055	117
2024-11-25 00:00	75.153	75.323	74.773	74.933	180
2024-11-25 04:00	74.943	75.013	74.429	74.493	239
2024-11-25 08:00	74.488	75.148	74.353	75.138	240
2024-11-25 12:00	75.143	75.188	73.103	73.118	240
2024-11-25 16:00	73.128	73.643	72.838	73.008	240
2024-11-25 20:00	73.013	73.158	73.008	73.105	117
2024-11-26 00:00	72.812	73.283	72.683	73.218	177
2024-11-26 04:00	73.223	73.383	73.008	73.108	235
2024-11-26 08:00	73.103	73.778	73.063	73.638	240
2024-11-26 12:00	73.648	74.328	73.208	73.658	240
2024-11-26 16:00	73.648	73.653	72.078	72.678	240
2024-11-26 20:00	72.673	72.790	72.548	72.775	98
2024-11-27 00:00	72.353	72.403	72.113	72.383	180
2024-11-27 04:00	72.388	72.703	72.263	72.558	237
2024-11-27 08:00	72.553	72.823	72.183	72.543	240
2024-11-27 12:00	72.543	72.828	72.113	72.383	240
2024-11-27 16:00	72.378	72.553	71.693	72.343	239
2024-11-27 20:00	72.333	72.363	72.218	72.325	116
2024-11-28 00:00	72.338	72.343	72.098	72.113	176
2024-11-28 04:00	72.123	72.373	71.963	71.993	237
2024-11-28 08:00	71.988	72.938	71.833	72.883	240
2024-11-28 12:00	72.888	72.903	72.483	72.483	240
2024-11-28 16:00	72.493	72.813	72.173	72.678	149
2024-11-29 00:00	72.418	72.883	72.298	72.863	180
2024-11-29 04:00	72.843	72.873	72.193	72.213	239
2024-11-29 08:00	72.213	72.773	72.013	72.163	240
2024-11-29 12:00	72.168	73.313	72.138	73.113	240
2024-11-29 16:00	73.103	73.263	72.213	72.323	179
2024-12-02 00:00	71.930	72.323	71.763	72.198	180
2024-12-02 04:00	72.188	72.558	72.123	72.333	236
2024-12-02 08:00	72.338	72.733	72.183	72.683	240
2024-12-02 12:00	72.693	72.868	71.913	72.273	240
2024-12-02 16:00	72.268	72.273	71.508	71.833	240
2024-12-02 20:00	71.843	71.890	71.718	71.890	114
2024-12-03 00:00	71.908	71.993	71.663	71.923	178
2024-12-03 04:00	71.918	72.183	71.888	72.103	230
2024-12-03 08:00	72.093	72.693	72.083	72.583	240
2024-12-03 12:00	72.588	73.403	72.493	73.353	240
2024-12-03 16:00	73.363	73.893	73.203	73.688	240
2024-12-03 20:00	73.683	73.703	73.465	73.635	118
2024-12-04 00:00	73.623	73.713	73.518	73.663	179
2024-12-04 04:00	73.643	73.913	73.638	73.778	236
2024-12-04 08:00	73.783	74.253	73.583	73.843	240
2024-12-04 12:00	73.833	74.088	73.308	73.568	240
2024-12-04 16:00	73.573	73.598	72.238	72.493	240
2024-12-04 20:00	72.498	72.643	72.320	72.410	119
2024-12-05 00:00	72.493	72.553	72.233	72.337	174
2024-12-05 04:00	72.343	72.428	72.183	72.308	221
2024-12-05 08:00	72.303	72.883	71.813	71.873	240
2024-12-05 12:00	71.883	72.878	71.783	72.618	240
2024-12-05 16:00	72.623	72.663	71.988	72.288	240
2024-12-05 20:00	72.293	72.383	72.060	72.140	118
2024-12-06 00:00	72.098	72.178	71.738	72.023	176
2024-12-06 04:00	72.028	72.118	71.783	71.843	238
2024-12-06 08:00	71.853	72.123	71.303	71.318	239
2024-12-06 12:00	71.308	71.593	70.833	71.163	240
2024-12-06 16:00	71.153	71.523	70.977	70.988	240
2024-12-06 20:00	70.993	71.063	70.977	71.025	111
2024-12-09 00:00	71.045	71.463	71.033	71.368	178
2024-12-09 04:00	71.373	71.808	71.328	71.793	234
2024-12-09 08:00	71.788	72.118	71.698	71.923	240
2024-12-09 12:00	71.928	72.623	71.783	72.418	240
2024-12-09 16:00	72.423	72.583	71.993	72.073	240
2024-12-09 20:00	72.068	72.068	71.840	71.860	115
2024-12-10 00:00	71.873	72.143	71.793	71.843	177
2024-12-10 04:00	71.838	71.913	71.693	71.843	232
2024-12-10 08:00	71.848	72.208	71.508	71.703	240
2024-12-10 12:00	71.708	72.553	71.688	72.523	240
2024-12-10 16:00	72.518	72.698	71.903	71.983	240
2024-12-10 20:00	71.988	72.053	71.890	72.025	118
2024-12-11 00:00	72.128	72.643	72.128	72.568	166
2024-12-11 04:00	72.573	72.733	72.293	72.333	232
2024-12-11 08:00	72.338	73.113	72.283	72.993	240
2024-12-11 12:00	72.998	73.193	72.518	72.893	239
2024-12-11 16:00	72.888	73.663	72.833	73.638	239
2024-12-11 20:00	73.633	73.723	73.470	73.590	111
2024-12-12 00:00	73.553	73.648	73.418	73.568	170
2024-12-12 04:00	73.573	73.808	73.513	73.803	223
2024-12-12 08:00	73.813	73.958	73.318	73.588	214
2024-12-12 12:00	73.583	73.653	72.553	72.583	240
2024-12-12 16:00	72.593	73.793	72.403	73.538	240
2024-12-12 20:00	73.543	73.618	73.325	73.345	115
2024-12-13 00:00	73.270	73.433	73.270	73.378	176
2024-12-13 04:00	73.383	73.673	73.333	73.643	234
2024-12-13 08:00	73.623	74.273	73.333	74.053	238
2024-12-13 12:00	74.063	74.123	73.583	74.058	240
2024-12-13 16:00	74.063	74.563	73.898	74.453	240
2024-12-13 20:00	74.458	74.458	74.255	74.295	117
2024-12-16 00:00	74.303	74.378	74.163	74.213	176
2024-12-16 04:00	74.218	74.358	74.078	74.203	233
2024-12-16 08:00	74.193	74.313	73.683	73.798	240
2024-12-16 12:00	73.803	74.318	73.733	74.133	240
2024-12-16 16:00	74.153	74.208	73.683	73.783	240
2024-12-16 20:00	73.773	73.860	73.705	73.835	118
2024-12-17 00:00	73.893	73.953	73.743	73.833	175
2024-12-17 04:00	73.838	74.153	73.783	73.883	219
2024-12-17 08:00	73.893	73.893	73.173	73.173	240
2024-12-17 12:00	73.178	73.353	72.463	72.508	240
2024-12-17 16:00	72.513	73.283	72.493	73.263	240
2024-12-17 20:00	73.268	73.335	73.160	73.275	119
2024-12-18 00:00	73.238	73.413	73.133	73.188	176
2024-12-18 04:00	73.193	73.558	73.153	73.543	231
2024-12-18 08:00	73.548	73.793	73.443	73.568	240
2024-12-18 12:00	73.573	73.973	73.478	73.928	238
2024-12-18 16:00	73.933	74.173	73.108	73.118	240
2024-12-18 20:00	73.123	73.138	72.780	72.825	119
2024-12-19 00:00	72.930	73.113	72.813	73.063	175
2024-12-19 04:00	73.073	73.203	72.833	72.948	227
2024-12-19 08:00	72.953	73.523	72.693	73.163	238
2024-12-19 12:00	73.153	73.843	72.948	72.973	240
2024-12-19 16:00	72.978	73.103	72.624	72.688	240
2024-12-19 20:00	72.693	72.703	72.500	72.605	115
2024-12-20 00:00	72.533	72.588	72.338	72.373	178
2024-12-20 04:00	72.383	72.673	72.373	72.413	227
2024-12-20 08:00	72.418	72.663	71.983	72.013	239
2024-12-20 12:00	72.023	72.658	71.983	72.568	240
2024-12-20 16:00	72.563	73.263	72.438	72.913	239
2024-12-20 20:00	72.908	73.033	72.828	72.955	113
2024-12-23 00:00	73.063	73.353	73.028	73.263	177
2024-12-23 04:00	73.258	73.323	73.083	73.138	231
2024-12-23 08:00	73.143	73.343	72.573	72.583	239
2024-12-23 12:00	72.588	72.818	71.998	72.033	240
2024-12-23 16:00	72.028	72.868	71.963	72.818	240
2024-12-23 20:00	72.813	72.985	72.708	72.980	97
2024-12-24 00:00	72.605	72.733	72.443	72.453	179
2024-12-24 04:00	72.448	72.753	72.443	72.728	229
2024-12-24 08:00	72.723	73.023	72.628	72.833	236
2024-12-24 12:00	72.843	73.383	72.533	73.168	240
2024-12-24 16:00	73.173	73.393	72.933	73.193	149
2024-12-26 00:00	73.310	73.463	73.218	73.393	169
2024-12-26 04:00	73.398	73.403	73.093	73.303	221
2024-12-26 08:00	73.293	73.573	73.283	73.533	220
2024-12-26 12:00	73.538	73.723	73.053	73.198	240
2024-12-26 16:00	73.188	73.283	72.553	72.758	239
2024-12-26 20:00	72.753	72.830	72.663	72.795	110
2024-12-27 00:00	72.695	72.908	72.618	72.903	173
2024-12-27 04:00	72.893	73.023	72.678	72.993	230
2024-12-27 08:00	72.988	73.473	72.818	73.333	238
2024-12-27 12:00	73.343	73.713	73.253	73.423	240
2024-12-27 16:00	73.423	73.903	73.283	73.603	239
2024-12-27 20:00	73.598	73.603	73.323	73.410	118
2024-12-30 00:00	73.625	73.893	73.603	73.813	171
2024-12-30 04:00	73.808	73.883	73.638	73.683	209
2024-12-30 08:00	73.678	73.878	73.373	73.833	238
2024-12-30 12:00	73.843	74.453	73.833	74.263	240
2024-12-30 16:00	74.268	74.473	73.773	73.993	240
2024-12-30 20:00	73.998	74.223	73.983	74.050	117
2024-12-31 00:00	74.195	74.563	74.195	74.268	172
2024-12-31 04:00	74.263	74.703	74.263	74.518	231
2024-12-31 08:00	74.513	74.603	74.283	74.508	235
2024-12-31 12:00	74.513	74.658	73.813	74.598	240
2024-12-31 16:00	74.603	74.863	74.523	74.603	209
2025-01-02 00:00	74.895	75.188	74.883	74.928	173
2025-01-02 04:00	74.933	75.018	74.703	74.853	228
2025-01-02 08:00	74.858	75.763	74.713	75.723	240
2025-01-02 12:00	75.713	76.423	75.468	76.278	240
2025-01-02 16:00	76.273	76.523	75.823	75.983	239
2025-01-02 20:00	75.988	75.998	75.800	75.850	118
2025-01-03 00:00	75.935	76.243	75.935	76.143	178
2025-01-03 04:00	76.148	76.163	75.843	75.858	223
2025-01-03 08:00	75.863	76.008	75.513	75.783	240
2025-01-03 12:00	75.793	76.383	75.663	76.373	239
2025-01-03 16:00	76.378	76.713	76.243	76.613	238
2025-01-03 20:00	76.608	76.643	76.480	76.565	115
2025-01-06 00:00	76.385	76.863	76.293	76.308	180
2025-01-06 04:00	76.313	76.373	76.118	76.203	230
2025-01-06 08:00	76.208	76.773	76.063	76.763	240
2025-01-06 12:00	76.768	77.463	76.633	76.693	240
2025-01-06 16:00	76.688	76.943	75.923	76.233	240
2025-01-06 20:00	76.228	76.273	76.105	76.180	119
2025-01-07 00:00	76.075	76.258	75.953	76.253	178
2025-01-07 04:00	76.248	76.323	76.033	76.048	228
2025-01-07 08:00	76.053	77.043	75.893	77.028	239
2025-01-07 12:00	77.018	77.113	76.643	77.028	240
2025-01-07 16:00	77.033	77.253	76.603	77.183	240
2025-01-07 20:00	77.193	77.203	76.950	77.105	120
2025-01-08 00:00	77.265	77.448	77.213	77.263	176
2025-01-08 04:00	77.268	77.613	77.243	77.513	221
2025-01-08 08:00	77.508	77.863	76.833	77.303	240
2025-01-08 12:00	77.313	77.503	76.738	76.778	240
2025-01-08 16:00	76.773	76.783	76.013	76.253	240
2025-01-08 20:00	76.263	76.303	76.110	76.150	119
2025-01-09 00:00	76.118	76.168	75.668	76.073	174
2025-01-09 04:00	76.068	76.328	75.963	75.973	236
2025-01-09 08:00	75.963	76.398	75.883	76.343	240
2025-01-09 12:00	76.333	77.043	76.323	76.898	240
2025-01-09 16:00	76.893	77.203	76.823	77.198	240
2025-01-09 20:00	77.193	77.220	77.050	77.190	118
2025-01-10 00:00	77.210	77.343	77.008	77.078	178
2025-01-10 04:00	77.073	77.643	77.068	77.548	226
2025-01-10 08:00	77.543	79.718	77.473	79.483	240
2025-01-10 12:00	79.463	80.723	78.863	78.863	240
2025-01-10 16:00	78.863	79.877	78.423	79.647	240
2025-01-10 20:00	79.652	79.739	79.524	79.589	120
2025-01-13 00:00	81.299	81.447	80.847	80.967	179
2025-01-13 04:00	80.972	81.372	80.792	80.907	239
2025-01-13 08:00	80.902	81.652	80.502	81.127	240
2025-01-13 12:00	81.122	81.332	80.337	81.037	240
2025-01-13 16:00	81.042	81.387	80.802	81.077	240
2025-01-13 20:00	81.082	81.092	80.754	80.839	119
2025-01-14 00:00	80.874	80.922	80.462	80.717	180
2025-01-14 04:00	80.712	80.712	80.194	80.392	235
2025-01-14 08:00	80.402	81.122	80.267	80.847	240
2025-01-14 12:00	80.837	80.852	79.852	80.342	240
2025-01-14 16:00	80.342	80.502	79.852	79.952	240
2025-01-14 20:00	79.962	80.434	79.907	80.329	120
2025-01-15 00:00	80.204	80.232	79.742	79.902	180
2025-01-15 04:00	79.912	80.612	79.862	80.307	239
2025-01-15 08:00	80.302	80.442	79.602	80.062	240
2025-01-15 12:00	80.067	81.112	80.002	80.717	240
2025-01-15 16:00	80.712	82.362	80.677	82.357	240
2025-01-15 20:00	82.347	82.597	82.254	82.454	120
2025-01-16 00:00	82.344	82.537	82.022	82.357	180
2025-01-16 04:00	82.352	82.392	81.987	82.122	237
2025-01-16 08:00	82.117	82.132	81.002	81.112	240
2025-01-16 12:00	81.114	81.992	80.852	81.272	240
2025-01-16 16:00	81.274	81.492	80.367	81.377	240
2025-01-16 20:00	81.367	81.372	81.197	81.274	119
2025-01-17 00:00	81.399	81.652	81.382	81.597	177
2025-01-17 04:00	81.602	81.852	81.352	81.737	236
2025-01-17 08:00	81.732	81.902	81.172	81.267	240
2025-01-17 12:00	81.262	81.382	80.532	80.607	240
2025-01-17 16:00	80.604	81.242	80.532	80.667	240
2025-01-17 20:00	80.662	80.834	80.582	80.714	120
2025-01-20 00:00	81.024	81.122	80.582	80.732	180
2025-01-20 04:00	80.727	80.752	80.312	80.542	233
2025-01-20 08:00	80.547	80.712	80.122	80.512	240
2025-01-20 12:00	80.522	80.942	79.412	79.532	240
2025-01-20 16:00	79.527	80.222	79.492	79.877	235
2025-01-20 20:00	79.887	79.942	79.769	79.784	88
2025-01-21 00:00	79.739	80.442	79.640	80.067	180
2025-01-21 04:00	80.077	80.152	79.697	79.772	238
2025-01-21 08:00	79.777	79.942	78.542	78.582	240
2025-01-21 12:00	78.602	79.392	78.434	79.342	240
2025-01-21 16:00	79.337	79.602	78.897	79.482	240
2025-01-21 20:00	79.477	79.537	79.264	79.324	119
2025-01-22 00:00	79.344	79.377	79.134	79.312	180
2025-01-22 04:00	79.307	79.392	78.787	78.987	230
2025-01-22 08:00	78.992	79.882	78.927	79.492	240
2025-01-22 12:00	79.504	79.572	78.827	79.122	240
2025-01-22 16:00	79.124	79.622	78.817	78.980	240
2025-01-22 20:00	78.985	79.010	78.834	78.884	118
2025-01-23 00:00	78.804	78.865	78.705	78.705	170
2025-01-23 04:00	78.710	78.855	78.575	78.835	216
2025-01-23 08:00	78.845	79.445	78.705	79.375	240
2025-01-23 12:00	79.365	79.575	78.950	79.260	240
2025-01-23 16:00	79.255	79.440	78.045	78.115	240
2025-01-23 20:00	78.125	78.155	77.764	77.842	118
2025-01-24 00:00	77.824	78.275	77.585	78.125	178
2025-01-24 04:00	78.130	78.385	78.110	78.355	235
2025-01-24 08:00	78.340	78.780	78.060	78.625	240
2025-01-24 12:00	78.620	78.965	77.980	78.025	240
2025-01-24 16:00	78.015	78.605	77.930	78.500	240
2025-01-24 20:00	78.495	78.590	78.357	78.427	117
2025-01-27 00:00	77.675	78.065	77.510	78.040	179
2025-01-27 04:00	78.050	78.220	77.780	78.070	226
2025-01-27 08:00	78.080	78.975	78.080	78.115	240
2025-01-27 12:00	78.110	78.455	77.355	77.430	240
2025-01-27 16:00	77.425	77.465	76.285	76.890	240
2025-01-27 20:00	76.895	77.070	76.820	76.927	115
2025-01-28 00:00	76.975	77.250	76.975	77.130	178
2025-01-28 04:00	77.140	77.860	77.140	77.815	233
2025-01-28 08:00	77.835	77.860	77.285	77.660	240
2025-01-28 12:00	77.665	78.150	76.990	77.125	240
2025-01-28 16:00	77.120	77.635	76.830	77.515	240
2025-01-28 20:00	77.510	77.635	77.382	77.542	100
2025-01-29 00:00	76.530	76.590	76.245	76.315	176
2025-01-29 04:00	76.310	76.580	76.215	76.430	228
2025-01-29 08:00	76.440	76.625	75.615	75.845	239
2025-01-29 12:00	75.850	76.515	75.810	76.305	240
2025-01-29 16:00	76.315	76.410	75.345	75.795	240
2025-01-29 20:00	75.785	75.854	75.695	75.832	120
2025-01-30 00:00	75.727	75.775	75.505	75.525	174
2025-01-30 04:00	75.525	75.615	75.385	75.465	225
2025-01-30 08:00	75.475	75.725	74.965	75.580	239
2025-01-30 12:00	75.585	76.475	75.325	76.335	240
2025-01-30 16:00	76.345	76.395	75.755	75.955	240
2025-01-30 20:00	75.950	76.575	75.815	76.152	119
2025-01-31 00:00	76.097	76.425	76.020	76.380	179
2025-01-31 04:00	76.385	76.400	75.950	75.965	221
2025-01-31 08:00	75.960	76.105	75.450	75.680	239
2025-01-31 12:00	75.685	76.105	75.145	75.685	240
2025-01-31 16:00	75.680	76.340	75.305	75.490	240
2025-01-31 20:00	75.485	76.454	75.455	76.387	120
2025-02-03 00:00	76.087	76.305	75.915	76.195	180
2025-02-03 04:00	76.200	76.700	76.155	76.440	237
2025-02-03 08:00	76.435	77.005	76.155	76.990	240
2025-02-03 12:00	76.985	77.225	75.014	75.384	240
2025-02-03 16:00	75.376	75.984	75.354	75.904	240
2025-02-03 20:00	75.894	75.974	75.344	75.484	120
2025-02-04 00:00	75.364	75.625	75.314	75.504	177
2025-02-04 04:00	75.514	75.555	74.994	75.204	238
2025-02-04 08:00	75.194	75.295	74.784	75.124	240
2025-02-04 12:00	75.124	76.635	74.124	75.974	240
2025-02-04 16:00	75.984	76.524	75.614	75.924	239
2025-02-04 20:00	75.924	76.114	75.794	76.064	120
2025-02-05 00:00	76.144	76.294	75.724	75.814	176
2025-02-05 04:00	75.825	76.120	75.727	75.894	223
2025-02-05 08:00	75.894	76.014	75.224	75.294	238
2025-02-05 12:00	75.284	75.515	74.852	75.005	240
2025-02-05 16:00	74.995	75.035	74.545	74.685	240
2025-02-05 20:00	74.680	74.775	74.592	74.607	112
2025-02-06 00:00	74.677	74.820	74.637	74.690	178
2025-02-06 04:00	74.695	74.900	74.590	74.675	228
2025-02-06 08:00	74.695	75.300	74.615	74.910	240
2025-02-06 12:00	74.915	75.375	74.225	74.820	240
2025-02-06 16:00	74.835	75.000	74.085	74.230	240
2025-02-06 20:00	74.225	74.310	74.162	74.192	113
2025-02-07 00:00	74.257	74.685	74.240	74.615	176
2025-02-07 04:00	74.610	74.950	74.498	74.700	234
2025-02-07 08:00	74.705	75.095	74.580	74.750	239
2025-02-07 12:00	74.745	74.975	74.465	74.600	240
2025-02-07 16:00	74.605	74.835	74.275	74.615	240
2025-02-07 20:00	74.610	74.702	74.542	74.682	118
2025-02-10 00:00	74.967	75.245	74.952	75.048	179
2025-02-10 04:00	75.090	75.265	75.020	75.055	233
2025-02-10 08:00	75.045	75.745	74.955	75.585	238
2025-02-10 12:00	75.580	75.715	75.275	75.595	240
2025-02-10 16:00	75.605	76.045	75.505	76.015	238
2025-02-10 20:00	76.005	76.032	75.935	76.032	113
2025-02-11 00:00	75.960	76.185	75.885	76.060	176
2025-02-11 04:00	76.055	76.550	76.028	76.505	228
2025-02-11 08:00	76.495	76.945	76.465	76.790	240
2025-02-11 12:00	76.795	77.260	76.445	76.665	240
2025-02-11 16:00	76.670	77.045	76.635	77.025	239
2025-02-11 20:00	77.020	77.035	76.757	76.832	116
2025-02-12 00:00	76.780	76.835	76.605	76.700	173
2025-02-12 04:00	76.705	76.895	76.415	76.540	231
2025-02-12 08:00	76.545	76.580	76.015	76.295	240
2025-02-12 12:00	76.290	76.395	75.665	75.675	240
2025-02-12 16:00	75.680	76.010	75.085	75.165	238
2025-02-12 20:00	75.160	75.312	74.912	74.912	119
2025-02-13 00:00	74.977	75.000	74.385	74.455	177
2025-02-13 04:00	74.460	74.645	74.315	74.540	231
2025-02-13 08:00	74.545	74.845	74.045	74.415	240
2025-02-13 12:00	74.405	74.965	74.095	74.725	240
2025-02-13 16:00	74.730	75.155	74.665	75.095	240
2025-02-13 20:00	75.090	75.242	75.075	75.192	115
2025-02-14 00:00	75.005	75.305	75.000	75.125	176
2025-02-14 04:00	75.130	75.505	75.080	75.450	231
2025-02-14 08:00	75.445	75.645	74.985	75.575	238
2025-02-14 12:00	75.565	75.825	74.803	75.005	240
2025-02-14 16:00	74.995	75.055	74.545	74.685	239
2025-02-14 20:00	74.680	74.730	74.482	74.547	115
2025-02-17 00:00	74.430	74.860	74.360	74.758	179
2025-02-17 04:00	74.805	74.965	74.565	74.710	231
2025-02-17 08:00	74.705	75.190	74.495	74.585	238
2025-02-17 12:00	74.575	74.945	74.435	74.645	239
2025-02-17 16:00	74.640	75.355	74.605	75.310	237
2025-02-17 20:00	75.305	75.305	75.213	75.252	102
2025-02-18 00:00	75.242	75.475	75.035	75.365	180
2025-02-18 04:00	75.360	75.525	75.243	75.375	234
2025-02-18 08:00	75.380	76.045	75.230	75.255	239
2025-02-18 12:00	75.265	75.685	74.885	75.425	240
2025-02-18 16:00	75.435	75.865	75.315	75.790	240
2025-02-18 20:00	75.785	75.805	75.702	75.762	114
2025-02-19 00:00	75.807	76.045	75.780	75.850	179
2025-02-19 04:00	75.845	76.335	75.815	76.265	232
2025-02-19 08:00	76.260	76.555	76.130	76.445	240
2025-02-19 12:00	76.465	76.795	76.120	76.175	240
2025-02-19 16:00	76.185	76.540	75.910	76.015	240
2025-02-19 20:00	76.010	76.142	75.942	76.037	111
2025-02-20 00:00	76.027	76.095	75.718	75.775	167
2025-02-20 04:00	75.785	76.275	75.678	76.255	229
2025-02-20 08:00	76.250	76.345	75.785	76.295	240
2025-02-20 12:00	76.290	76.635	76.205	76.465	240
2025-02-20 16:00	76.470	77.115	76.396	76.500	240
2025-02-20 20:00	76.495	76.567	76.413	76.557	117
2025-02-21 00:00	76.650	76.730	76.330	76.430	177
2025-02-21 04:00	76.425	76.475	76.140	76.185	233
2025-02-21 08:00	76.195	76.210	75.625	75.735	240
2025-02-21 12:00	75.740	76.205	74.935	75.005	240
2025-02-21 16:00	74.995	75.150	74.295	74.335	239
2025-02-21 20:00	74.330	74.355	74.182	74.222	120
2025-02-24 00:00	74.412	74.600	74.185	74.355	178
2025-02-24 04:00	74.350	74.475	74.165	74.290	219
2025-02-24 08:00	74.295	74.735	74.095	74.535	238
2025-02-24 12:00	74.530	74.850	74.260	74.540	238
2025-02-24 16:00	74.545	74.900	74.480	74.730	240
2025-02-24 20:00	74.725	74.875	74.635	74.847	116
2025-02-25 00:00	74.697	75.235	74.680	75.135	177
2025-02-25 04:00	75.145	75.235	74.795	74.810	221
2025-02-25 08:00	74.815	75.070	74.495	74.495	240
2025-02-25 12:00	74.500	74.555	72.910	72.910	240
2025-02-25 16:00	72.920	73.145	72.685	73.070	239
2025-02-25 20:00	73.075	73.227	72.897	73.047	100
2025-02-26 00:00	72.610	72.765	72.535	72.605	165
2025-02-26 04:00	72.558	72.785	72.553	72.735	224
2025-02-26 08:00	72.740	72.795	72.345	72.395	240
2025-02-26 12:00	72.385	72.625	71.985	72.145	240
2025-02-26 16:00	72.165	72.590	71.910	72.245	240
2025-02-26 20:00	72.250	72.335	72.140	72.247	107
2025-02-27 00:00	72.220	72.365	72.145	72.275	149
2025-02-27 04:00	72.270	72.395	72.075	72.345	111
2025-02-27 08:00	72.340	72.875	72.265	72.735	238
2025-02-27 12:00	72.730	73.445	72.670	73.335	240
2025-02-27 16:00	73.345	73.715	73.125	73.515	240
2025-02-27 20:00	73.505	73.505	73.242	73.312	110
2025-02-28 00:00	73.260	73.350	73.150	73.200	173
2025-02-28 04:00	73.205	73.245	72.885	72.975	234
2025-02-28 08:00	72.955	73.025	72.560	72.730	237
2025-02-28 12:00	72.725	72.975	72.305	72.935	240
2025-02-28 16:00	72.945	73.245	72.585	72.815	240
2025-02-28 20:00	72.820	73.125	72.805	73.002	119
2025-03-03 00:00	73.345	73.650	73.085	73.225	176
2025-03-03 04:00	73.220	73.225	72.825	72.865	236
2025-03-03 08:00	72.855	73.035	72.325	72.985	213
2025-03-03 12:00	72.980	73.365	72.335	72.655	239
2025-03-03 16:00	72.645	72.870	71.155	71.405	240
2025-03-03 20:00	71.400	71.505	71.175	71.447	120
2025-03-04 00:00	71.277	71.330	71.025	71.145	179
2025-03-04 04:00	71.098	71.190	70.830	70.855	236
2025-03-04 08:00	70.865	70.915	70.395	70.475	240
2025-03-04 12:00	70.470	70.755	69.735	70.215	240
2025-03-04 16:00	70.225	71.185	70.035	71.135	240
2025-03-04 20:00	71.145	71.275	70.717	71.072	120
2025-03-05 00:00	70.947	71.040	70.590	70.770	177
2025-03-05 04:00	70.765	71.145	70.668	70.920	234
2025-03-05 08:00	70.925	70.990	69.985	70.005	240
2025-03-05 12:00	70.015	70.255	68.775	68.880	240
2025-03-05 16:00	68.875	69.425	68.315	69.325	240
2025-03-05 20:00	69.335	69.455	69.285	69.347	120
2025-03-06 00:00	69.427	69.825	69.395	69.635	175
2025-03-06 04:00	69.655	69.870	69.445	69.740	235
2025-03-06 08:00	69.745	69.765	69.065	69.680	239
2025-03-06 12:00	69.685	69.835	68.846	68.925	240
2025-03-06 16:00	68.935	69.665	68.720	69.570	240
2025-03-06 20:00	69.565	69.595	69.315	69.397	120
2025-03-07 00:00	69.362	69.705	69.285	69.515	166
2025-03-07 04:00	69.510	70.025	69.425	69.970	236
2025-03-07 08:00	69.965	70.735	69.900	70.435	240
2025-03-07 12:00	70.430	71.375	70.043	70.785	240
2025-03-07 16:00	70.775	70.775	70.025	70.290	240
2025-03-07 20:00	70.295	70.395	70.255	70.322	119
2025-03-10 00:00	69.842	70.185	69.822	69.955	239
2025-03-10 04:00	69.950	70.435	69.820	70.385	235
2025-03-10 08:00	70.390	70.775	70.195	70.715	240
2025-03-10 12:00	70.705	70.845	69.635	69.860	239
2025-03-10 16:00	69.865	69.955	69.035	69.190	240
2025-03-10 20:00	69.195	69.235	69.133	69.160	57
2025-03-11 00:00	68.992	69.365	68.610	69.235	234
2025-03-11 04:00	69.225	69.595	69.145	69.565	233
2025-03-11 08:00	69.560	70.175	69.425	70.155	240
2025-03-11 12:00	70.150	70.405	69.785	70.030	240
2025-03-11 16:00	70.025	70.135	69.325	69.745	240
2025-03-11 20:00	69.750	69.965	69.745	69.870	60
2025-03-12 00:00	69.917	70.105	69.743	69.985	232
2025-03-12 04:00	69.990	70.075	69.455	69.805	232
2025-03-12 08:00	69.825	70.345	69.735	70.325	239
2025-03-12 12:00	70.315	70.955	70.225	70.815	240
2025-03-12 16:00	70.805	71.075	70.760	70.945	240
2025-03-12 20:00	70.935	70.995	70.905	70.945	55
2025-03-13 00:00	70.927	71.075	70.770	70.945	236
2025-03-13 04:00	70.950	71.110	70.705	71.015	237
2025-03-13 08:00	71.025	71.225	70.415	70.570	240
2025-03-13 12:00	70.565	70.685	69.745	70.145	240
2025-03-13 16:00	70.155	70.405	69.665	69.795	239
2025-03-13 20:00	69.800	70.080	69.748	70.055	57
2025-03-14 00:00	70.092	70.425	69.962	70.305	234
2025-03-14 04:00	70.300	70.685	70.245	70.575	232
2025-03-14 08:00	70.565	70.725	70.265	70.325	240
2025-03-14 12:00	70.320	70.565	69.915	70.315	240
2025-03-14 16:00	70.305	70.625	70.255	70.520	239
2025-03-14 20:00	70.515	70.575	70.475	70.575	58
2025-03-17 00:00	71.032	71.775	70.915	71.005	232
2025-03-17 04:00	71.010	71.195	70.945	71.115	226
2025-03-17 08:00	71.110	71.575	70.935	71.475	240
2025-03-17 12:00	71.465	71.495	70.675	71.040	240
2025-03-17 16:00	71.045	71.305	70.845	70.980	240
2025-03-17 20:00	70.975	71.045	70.950	70.955	54
2025-03-18 00:00	70.867	71.325	70.867	71.225	230
2025-03-18 04:00	71.220	71.665	71.193	71.645	222
2025-03-18 08:00	71.640	72.165	71.615	71.975	239
2025-03-18 12:00	71.965	72.035	70.805	70.815	240
2025-03-18 16:00	70.805	71.100	70.343	70.560	239
2025-03-18 20:00	70.565	70.565	70.256	70.365	58
2025-03-19 00:00	70.427	70.467	70.215	70.355	228
2025-03-19 04:00	70.360	70.375	70.000	70.245	229
2025-03-19 08:00	70.255	70.550	69.885	70.535	240
2025-03-19 12:00	70.525	71.125	70.350	70.850	240
2025-03-19 16:00	70.845	71.210	70.585	70.865	239
2025-03-19 20:00	70.870	70.895	70.793	70.890	58
2025-03-20 00:00	70.912	71.190	70.852	71.180	227
2025-03-20 04:00	71.175	71.245	70.975	71.195	221
2025-03-20 08:00	71.185	71.390	70.683	71.075	239
2025-03-20 12:00	71.065	72.095	70.515	71.855	240
2025-03-20 16:00	71.860	72.175	71.765	72.145	232
2025-03-20 20:00	72.155	72.275	72.123	72.265	52
2025-03-21 00:00	72.332	72.475	72.165	72.305	226
2025-03-21 04:00	72.310	72.325	72.025	72.095	225
2025-03-21 08:00	72.105	72.275	71.540	71.545	239
2025-03-21 12:00	71.555	72.100	71.495	71.740	240
2025-03-21 16:00	71.735	72.225	71.673	72.070	233
2025-03-21 20:00	72.075	72.180	72.075	72.140	54
2025-03-24 00:00	72.232	72.267	71.785	71.875	234
2025-03-24 04:00	71.880	72.365	71.798	72.315	229
2025-03-24 08:00	72.310	72.745	71.925	72.580	239
2025-03-24 12:00	72.565	73.045	72.120	73.005	240
2025-03-24 16:00	73.010	73.145	72.675	73.100	234
2025-03-24 20:00	73.095	73.115	73.015	73.035	57
2025-03-25 00:00	73.047	73.085	72.895	72.995	229
2025-03-25 04:00	72.990	73.315	72.745	73.310	217
2025-03-25 08:00	73.315	73.525	73.135	73.495	237
2025-03-25 12:00	73.505	73.545	72.875	72.925	240
2025-03-25 16:00	72.955	73.165	72.485	73.120	235
2025-03-25 20:00	73.125	73.220	73.085	73.170	56
2025-03-26 00:00	73.237	73.355	73.155	73.175	220
2025-03-26 04:00	73.180	73.345	73.080	73.115	215
2025-03-26 08:00	73.120	73.705	73.100	73.610	239
2025-03-26 12:00	73.605	74.150	73.530	74.080	240
2025-03-26 16:00	74.085	74.085	73.575	73.810	235
2025-03-26 20:00	73.815	74.050	73.815	74.030	57
2025-03-27 00:00	73.857	73.950	73.785	73.850	221
2025-03-27 04:00	73.855	73.890	73.495	73.515	212
2025-03-27 08:00	73.520	73.745	73.320	73.630	238
2025-03-27 12:00	73.635	73.995	73.210	73.670	240
2025-03-27 16:00	73.655	74.040	73.610	73.880	229
2025-03-27 20:00	73.885	73.965	73.885	73.965	28
2025-03-28 00:00	73.277	73.450	73.197	73.305	231
2025-03-28 04:00	73.295	73.295	72.945	72.965	223
2025-03-28 08:00	72.975	73.425	72.925	73.315	237
2025-03-28 12:00	73.305	73.435	72.530	72.555	240
2025-03-28 16:00	72.565	72.795	72.367	72.525	238
2025-03-28 20:00	72.530	72.590	72.395	72.425	57
2025-03-31 00:00	72.827	72.890	72.255	72.440	236
2025-03-31 04:00	72.435	73.255	72.388	73.255	235
2025-03-31 08:00	73.260	73.530	72.805	72.995	240
2025-03-31 12:00	72.985	74.655	72.785	74.645	240
2025-03-31 16:00	74.650	75.015	74.605	74.665	239
2025-03-31 20:00	74.642	74.702	74.537	74.642	56
2025-04-01 00:00	74.637	74.995	74.595	74.960	229
2025-04-01 04:00	74.955	74.995	74.465	74.465	231
2025-04-01 08:00	74.475	75.255	74.395	74.645	239
2025-04-01 12:00	74.655	75.265	74.565	74.625	238
2025-04-01 16:00	74.615	74.720	74.315	74.425	238
2025-04-01 20:00	74.415	74.487	74.337	74.367	59
2025-04-02 00:00	74.505	74.590	74.320	74.490	223
2025-04-02 04:00	74.495	74.515	73.935	74.025	217
2025-04-02 08:00	74.035	74.480	73.945	74.055	238
2025-04-02 12:00	74.065	74.675	73.830	74.605	240
2025-04-02 16:00	74.615	75.120	74.585	75.025	240
2025-04-02 20:00	75.015	75.422	73.667	73.767	60
2025-04-03 00:00	72.755	73.375	72.505	73.310	239
2025-04-03 04:00	73.305	73.320	72.255	72.705	238
2025-04-03 08:00	72.715	72.845	70.485	70.800	240
2025-04-03 12:00	70.785	70.820	69.465	69.945	240
2025-04-03 16:00	69.935	70.355	69.750	69.935	240
2025-04-03 20:00	69.912	69.932	69.767	69.817	59
2025-04-04 00:00	69.927	70.090	69.465	69.555	238
2025-04-04 04:00	69.545	69.615	68.495	68.505	239
2025-04-04 08:00	68.495	68.565	64.165	65.100	240
2025-04-04 12:00	65.090	66.700	64.015	65.205	238
2025-04-04 16:00	65.270	66.470	65.043	66.275	240
2025-04-04 20:00	66.285	66.285	65.818	65.932	60
2025-04-07 00:00	63.340	64.215	62.968	63.805	240
2025-04-07 04:00	63.825	64.475	62.473	63.085	240
2025-04-07 08:00	63.043	64.340	62.708	63.905	240
2025-04-07 12:00	63.915	67.375	63.518	64.335	240
2025-04-07 16:00	64.293	65.090	64.028	64.308	240
2025-04-07 20:00	64.350	64.498	64.263	64.348	59
2025-04-08 00:00	64.538	65.175	64.393	65.050	240
2025-04-08 04:00	65.003	65.185	63.640	63.835	240
2025-04-08 08:00	63.830	64.670	63.670	64.655	240
2025-04-08 12:00	64.665	65.115	63.830	64.565	240
2025-04-08 16:00	64.550	64.565	61.335	61.855	240
2025-04-08 20:00	61.850	61.967	61.367	61.507	60
2025-04-09 00:00	61.225	61.490	60.150	60.425	240
2025-04-09 04:00	60.430	61.485	60.098	61.160	240
2025-04-09 08:00	61.175	61.355	58.348	58.630	240
2025-04-09 12:00	58.625	61.090	58.583	60.425	240
2025-04-09 16:00	60.383	65.990	59.698	65.550	240
2025-04-09 20:00	65.560	65.883	65.348	65.703	60
2025-04-10 00:00	65.930	66.060	64.453	64.630	240
2025-04-10 04:00	64.640	65.255	63.593	63.770	240
2025-04-10 08:00	63.805	64.125	63.158	63.668	240
2025-04-10 12:00	63.663	63.930	62.000	62.853	240
2025-04-10 16:00	62.843	63.745	62.213	63.620	240
2025-04-10 20:00	63.578	63.608	63.283	63.453	58
2025-04-11 00:00	63.080	63.340	62.723	63.060	240
2025-04-11 04:00	63.070	64.355	62.933	64.073	240
2025-04-11 08:00	64.130	64.145	62.798	63.265	240
2025-04-11 12:00	63.260	63.905	62.773	63.885	240
2025-04-11 16:00	63.890	65.035	63.743	64.690	240
2025-04-11 20:00	64.648	64.713	64.615	64.672	60
2025-04-14 00:00	64.585	64.925	64.353	64.525	239
2025-04-14 04:00	64.535	65.115	64.428	64.890	240
2025-04-14 08:00	64.895	65.875	64.628	65.545	240
2025-04-14 12:00	65.550	65.690	64.293	64.405	240
2025-04-14 16:00	64.415	65.015	64.023	64.940	240
2025-04-14 20:00	64.908	64.958	64.853	64.853	58
2025-04-15 00:00	65.020	65.200	64.818	65.015	236
2025-04-15 04:00	64.968	65.375	64.868	65.145	232
2025-04-15 08:00	65.155	65.180	64.258	64.340	240
2025-04-15 12:00	64.298	65.140	64.158	64.320	240
2025-04-15 16:00	64.278	64.910	64.273	64.783	240
2025-04-15 20:00	64.778	64.868	64.728	64.843	60
2025-04-16 00:00	64.807	64.880	64.368	64.430	240
2025-04-16 04:00	64.425	64.620	63.748	64.255	236
2025-04-16 08:00	64.260	65.535	64.138	65.245	240
2025-04-16 12:00	65.203	66.095	65.093	65.845	236
2025-04-16 16:00	65.803	66.285	65.528	66.018	240
2025-04-16 20:00	66.013	66.018	65.863	65.898	60
2025-04-17 00:00	66.315	66.475	65.908	66.455	237
2025-04-17 04:00	66.450	66.755	66.088	66.255	237
2025-04-17 08:00	66.280	66.695	66.123	66.575	239
2025-04-17 12:00	66.533	67.700	66.393	67.613	240
2025-04-17 16:00	67.655	68.115	67.453	67.570	240
2025-04-17 20:00	67.575	67.633	67.493	67.593	57
2025-04-21 00:00	66.998	67.360	66.598	66.950	239
2025-04-21 04:00	66.945	67.125	66.668	66.815	236
2025-04-21 08:00	66.840	66.965	65.958	66.445	240
2025-04-21 12:00	66.403	66.525	65.613	65.783	240
2025-04-21 16:00	65.783	66.685	65.728	66.618	239
2025-04-21 20:00	66.660	66.660	66.443	66.453	60
2025-04-22 00:00	66.760	67.030	66.488	66.570	240
2025-04-22 04:00	66.575	67.165	66.498	67.150	238
2025-04-22 08:00	67.160	67.360	66.853	67.008	240
2025-04-22 12:00	67.003	67.875	66.650	67.865	240
2025-04-22 16:00	67.870	68.015	67.185	67.275	238
2025-04-22 20:00	67.252	67.317	67.177	67.287	59
2025-04-23 00:00	68.030	68.145	67.670	67.965	237
2025-04-23 04:00	67.955	68.615	67.920	68.370	235
2025-04-23 08:00	68.375	68.625	67.400	67.400	240
2025-04-23 12:00	67.405	67.530	65.270	65.655	239
2025-04-23 16:00	65.660	66.425	65.490	66.130	240
2025-04-23 20:00	66.140	66.217	66.057	66.077	58
2025-04-24 00:00	66.095	66.380	65.930	66.190	237
2025-04-24 04:00	66.185	66.790	65.995	66.655	235
2025-04-24 08:00	66.670	66.895	66.035	66.820	239
2025-04-24 12:00	66.825	66.980	65.795	66.065	240
2025-04-24 16:00	66.060	66.695	65.920	66.415	240
2025-04-24 20:00	66.410	66.507	66.387	66.467	59
2025-04-25 00:00	66.575	66.990	66.540	66.900	236
2025-04-25 04:00	66.890	67.080	66.455	66.560	234
2025-04-25 08:00	66.575	66.695	65.535	65.730	240
2025-04-25 12:00	65.720	66.685	65.560	66.675	240
2025-04-25 16:00	66.665	67.130	66.570	66.980	237
2025-04-25 20:00	66.970	67.132	66.897	66.937	37
2025-04-28 00:00	65.915	66.125	65.615	65.895	237
2025-04-28 04:00	65.890	66.230	65.815	65.875	231
2025-04-28 08:00	65.880	65.945	65.330	65.615	238
2025-04-28 12:00	65.625	65.815	64.345	64.470	240
2025-04-28 16:00	64.465	64.805	64.215	64.700	238
2025-04-28 20:00	64.677	64.682	64.522	64.562	58
2025-04-29 00:00	64.725	64.795	64.305	64.395	240
2025-04-29 04:00	64.400	64.410	63.795	63.875	239
2025-04-29 08:00	63.885	64.315	63.485	63.735	240
2025-04-29 12:00	63.740	63.905	63.165	63.365	240
2025-04-29 16:00	63.375	63.495	63.075	63.125	240
2025-04-29 20:00	63.130	63.130	62.967	62.967	60
2025-04-30 00:00	63.145	63.305	62.548	62.605	239
2025-04-30 04:00	62.610	62.695	62.215	62.335	240
2025-04-30 08:00	62.345	62.930	62.090	62.820	240
2025-04-30 12:00	62.815	62.975	60.785	60.915	240
2025-04-30 16:00	60.925	61.850	60.745	60.990	239
2025-04-30 20:00	60.995	61.217	60.957	61.062	60
2025-05-01 00:00	61.265	61.305	60.890	60.935	239
2025-05-01 04:00	60.940	61.155	60.365	60.415	238
2025-05-01 08:00	60.405	60.605	59.295	59.975	238
2025-05-01 12:00	59.965	61.775	59.825	60.955	240
2025-05-01 16:00	60.950	62.345	60.585	61.890	240
2025-05-01 20:00	61.880	61.932	61.787	61.817	60
2025-05-02 00:00	61.777	62.695	61.777	62.528	239
2025-05-02 04:00	62.570	62.585	62.050	62.055	239
2025-05-02 08:00	62.084	62.325	61.440	61.565	240
2025-05-02 12:00	61.555	62.175	60.660	61.415	240
2025-05-02 16:00	61.425	61.945	60.790	61.550	240
2025-05-02 20:00	61.540	61.612	61.347	61.402	60
2025-05-05 00:00	59.000	59.425	58.830	59.095	239
2025-05-05 04:00	59.100	60.160	58.985	59.930	240
2025-05-05 08:00	59.935	60.750	59.850	60.415	240
2025-05-05 12:00	60.405	60.645	59.587	59.945	240
2025-05-05 16:00	59.940	60.385	59.940	60.115	239
2025-05-05 20:00	60.092	60.312	60.062	60.302	59
2025-05-06 00:00	60.214	61.225	60.150	61.150	240
2025-05-06 04:00	61.155	61.620	61.065	61.490	236
2025-05-06 08:00	61.495	61.985	61.275	61.545	240
2025-05-06 12:00	61.555	62.675	61.465	62.585	240
2025-05-06 16:00	62.575	62.775	61.975	62.115	236
2025-05-06 20:00	62.092	62.117	61.852	61.977	60
2025-05-07 00:00	62.465	62.720	62.400	62.570	240
2025-05-07 04:00	62.565	63.131	62.508	62.995	238
2025-05-07 08:00	63.040	63.190	62.245	62.665	240
2025-05-07 12:00	62.660	62.685	61.320	61.435	240
2025-05-07 16:00	61.430	61.525	60.840	61.080	240
2025-05-07 20:00	61.052	61.072	60.842	60.922	58
2025-05-08 00:00	61.067	61.585	60.985	61.560	233
2025-05-08 04:00	61.555	61.640	61.125	61.375	236
2025-05-08 08:00	61.404	62.145	61.305	62.065	240
2025-05-08 12:00	62.060	62.930	61.705	62.855	240
2025-05-08 16:00	62.860	62.970	62.516	62.920	238
2025-05-08 20:00	62.915	63.152	62.892	63.152	59
2025-05-09 00:00	63.047	63.145	62.825	63.020	240
2025-05-09 04:00	63.015	63.625	62.978	63.515	237
2025-05-09 08:00	63.504	64.235	63.475	64.090	240
2025-05-09 12:00	64.095	64.135	63.135	63.600	240
2025-05-09 16:00	63.605	63.985	63.430	63.820	235
2025-05-09 20:00	63.815	63.942	63.772	63.872	59
2025-05-12 00:00	64.190	64.275	63.865	64.230	239
2025-05-12 04:00	64.225	66.275	64.148	65.575	238
2025-05-12 08:00	65.610	66.365	65.095	66.235	240
2025-05-12 12:00	66.225	66.345	65.075	65.125	240
2025-05-12 16:00	65.120	65.270	64.655	64.780	239
2025-05-12 20:00	64.785	65.037	64.754	64.897	60
2025-05-13 00:00	64.902	64.920	64.588	64.735	240
2025-05-13 04:00	64.725	65.095	64.673	64.915	237
2025-05-13 08:00	64.965	65.655	64.715	65.615	240
2025-05-13 12:00	65.605	66.545	65.425	66.545	240
2025-05-13 16:00	66.530	66.785	66.485	66.515	237
2025-05-13 20:00	66.510	66.604	66.436	66.504	58
2025-05-14 00:00	66.537	66.570	66.115	66.230	234
2025-05-14 04:00	66.235	66.575	66.155	66.440	239
2025-05-14 08:00	66.465	66.485	65.705	65.950	239
2025-05-14 12:00	65.955	66.485	65.785	66.075	240
2025-05-14 16:00	66.080	66.400	65.715	65.725	232
2025-05-14 20:00	65.704	65.832	65.642	65.772	60
2025-05-15 00:00	65.280	65.327	64.305	64.655	239
2025-05-15 04:00	64.660	64.690	63.665	64.170	234
2025-05-15 08:00	64.175	64.335	63.420	64.115	240
2025-05-15 12:00	64.095	64.860	63.945	64.495	240
2025-05-15 16:00	64.475	64.725	64.397	64.680	238
2025-05-15 20:00	64.685	64.690	64.493	64.547	57
2025-05-16 00:00	64.692	64.725	64.425	64.610	237
2025-05-16 04:00	64.605	65.205	64.160	64.590	235
2025-05-16 08:00	64.625	64.905	64.185	64.695	239
2025-05-16 12:00	64.705	65.425	64.525	65.395	240
2025-05-16 16:00	65.385	65.525	65.170	65.240	237
2025-05-16 20:00	65.220	65.367	65.177	65.357	59
2025-05-19 00:00	65.487	65.510	65.106	65.115	240
2025-05-19 04:00	65.120	65.205	64.775	65.050	236
2025-05-19 08:00	65.035	65.165	64.410	64.810	239
2025-05-19 12:00	64.815	65.845	64.790	65.835	240
2025-05-19 16:00	65.845	65.985	64.925	65.500	239
2025-05-19 20:00	65.477	65.527	65.423	65.487	58
2025-05-20 00:00	65.572	65.695	65.375	65.505	236
2025-05-20 04:00	65.500	65.565	64.985	65.015	237
2025-05-20 08:00	65.030	65.975	65.016	65.165	239
2025-05-20 12:00	65.175	65.630	64.845	65.035	239
2025-05-20 16:00	65.025	65.715	64.945	65.635	238
2025-05-20 20:00	65.614	65.667	65.474	65.577	57
2025-05-21 00:00	66.237	66.575	66.075	66.340	240
2025-05-21 04:00	66.335	66.615	65.935	66.215	239
2025-05-21 08:00	66.240	66.435	65.755	65.895	240
2025-05-21 12:00	65.890	66.275	64.945	65.075	240
2025-05-21 16:00	65.065	65.410	64.605	64.620	240
2025-05-21 20:00	64.625	64.652	64.582	64.604	57
2025-05-22 00:00	64.624	64.925	64.450	64.820	236
2025-05-22 04:00	64.825	65.015	63.655	64.245	230
2025-05-22 08:00	64.250	64.430	63.510	63.730	240
2025-05-22 12:00	63.735	64.395	63.714	63.885	240
2025-05-22 16:00	63.905	64.525	63.890	64.145	238
2025-05-22 20:00	64.155	64.155	63.958	64.024	59
2025-05-23 00:00	63.984	64.205	63.895	64.015	229
2025-05-23 04:00	63.968	64.185	63.855	64.010	238
2025-05-23 08:00	64.005	64.635	63.485	63.695	239
2025-05-23 12:00	63.724	65.015	63.300	64.805	240
2025-05-23 16:00	64.815	65.000	64.495	64.870	240
2025-05-23 20:00	64.865	64.967	64.787	64.962	59
2025-05-26 00:00	65.112	65.270	64.750	64.935	237
2025-05-26 04:00	64.888	65.115	64.805	65.075	227
2025-05-26 08:00	65.090	65.295	64.555	64.690	239
2025-05-26 12:00	64.685	64.895	64.495	64.865	240
2025-05-26 16:00	64.870	64.875	64.675	64.780	86
2025-05-27 00:00	64.697	64.965	64.450	64.580	237
2025-05-27 04:00	64.575	64.955	64.335	64.480	236
2025-05-27 08:00	64.490	65.115	64.405	64.435	239
2025-05-27 12:00	64.415	64.815	63.485	63.635	240
2025-05-27 16:00	63.630	64.180	63.630	64.180	230
2025-05-27 20:00	64.180	64.317	64.157	64.287	37
2025-05-28 00:00	63.855	64.050	63.753	63.815	234
2025-05-28 04:00	63.820	64.005	63.495	63.965	233
2025-05-28 08:00	63.923	64.215	63.545	64.045	234
2025-05-28 12:00	64.055	65.020	64.030	64.805	240
2025-05-28 16:00	64.815	64.845	63.969	64.025	238
2025-05-28 20:00	64.002	64.317	63.972	64.272	58
2025-05-29 00:00	64.645	65.140	64.595	65.055	238
2025-05-29 04:00	65.060	65.470	64.990	65.405	235
2025-05-29 08:00	65.425	65.435	64.315	64.445	240
2025-05-29 12:00	64.440	64.505	63.105	63.465	240
2025-05-29 16:00	63.423	63.620	63.220	63.325	233
2025-05-29 20:00	63.283	63.362	63.272	63.322	53
2025-05-30 00:00	63.227	63.375	62.915	63.045	239
2025-05-30 04:00	63.035	63.510	62.955	63.415	236
2025-05-30 08:00	63.440	64.065	63.115	63.310	237
2025-05-30 12:00	63.300	63.365	62.317	62.405	240
2025-05-30 16:00	62.415	62.950	62.053	62.785	240
2025-05-30 20:00	62.780	62.827	62.612	62.637	60
2025-06-02 00:00	63.887	64.470	63.830	64.220	239
2025-06-02 04:00	64.225	64.425	64.060	64.225	235
2025-06-02 08:00	64.220	65.205	64.220	65.100	240
2025-06-02 12:00	65.058	65.685	64.485	64.885	240
2025-06-02 16:00	64.875	65.185	64.343	65.110	238
2025-06-02 20:00	65.100	65.232	65.012	65.057	58
2025-06-03 00:00	65.137	65.315	64.848	64.880	237
2025-06-03 04:00	64.885	65.205	64.670	65.065	237
2025-06-03 08:00	65.095	65.145	64.495	65.095	240
2025-06-03 12:00	65.105	65.865	64.935	65.725	240
2025-06-03 16:00	65.705	65.925	65.470	65.555	233
2025-06-03 20:00	65.532	65.632	65.512	65.537	56
2025-06-04 00:00	65.512	65.595	65.348	65.390	231
2025-06-04 04:00	65.395	65.655	65.293	65.615	231
2025-06-04 08:00	65.625	65.925	65.295	65.645	238
2025-06-04 12:00	65.635	65.925	64.255	64.665	240
2025-06-04 16:00	64.655	65.055	64.545	64.875	238
2025-06-04 20:00	64.852	64.852	64.742	64.807	57
2025-06-05 00:00	64.710	64.905	64.610	64.685	225
2025-06-05 04:00	64.638	65.225	64.588	65.085	226
2025-06-05 08:00	65.080	65.265	64.870	65.105	236
2025-06-05 12:00	65.095	65.825	65.075	65.475	240
2025-06-05 16:00	65.485	65.485	65.175	65.280	230
2025-06-05 20:00	65.257	65.312	65.162	65.202	58
2025-06-06 00:00	65.182	65.280	65.078	65.170	229
2025-06-06 04:00	65.165	65.275	64.805	64.940	227
2025-06-06 08:00	64.965	65.450	64.905	65.275	238
2025-06-06 12:00	65.265	66.535	65.185	66.515	240
2025-06-06 16:00	66.505	66.645	66.245	66.465	233
2025-06-06 20:00	66.460	66.602	66.432	66.582	55
2025-06-09 00:00	66.447	66.510	66.375	66.410	237
2025-06-09 04:00	66.415	66.445	66.055	66.295	232
2025-06-09 08:00	66.320	66.905	66.195	66.840	235
2025-06-09 12:00	66.835	67.050	66.285	66.880	240
2025-06-09 16:00	66.885	67.105	66.575	67.000	234
2025-06-09 20:00	67.005	67.082	66.982	67.067	55
2025-06-10 00:00	67.090	67.375	67.060	67.185	230
2025-06-10 04:00	67.190	67.280	66.935	67.035	217
2025-06-10 08:00	67.055	67.455	66.985	67.445	239
2025-06-10 12:00	67.455	67.965	67.165	67.545	239
2025-06-10 16:00	67.535	67.670	66.465	66.720	239
2025-06-10 20:00	66.697	66.727	66.497	66.547	59
2025-06-11 00:00	66.620	66.775	66.428	66.755	230
2025-06-11 04:00	66.745	67.045	66.665	66.975	223
2025-06-11 08:00	66.985	67.855	66.485	67.845	240
2025-06-11 12:00	67.840	68.425	67.558	68.385	240
2025-06-11 16:00	68.380	69.945	68.215	69.495	240
2025-06-11 20:00	69.500	69.887	69.432	69.882	60
2025-06-12 00:00	70.145	70.235	69.195	69.445	240
2025-06-12 04:00	69.455	69.515	68.815	68.925	240
2025-06-12 08:00	68.950	69.175	68.350	68.460	240
2025-06-12 12:00	68.445	69.815	68.405	69.755	240
2025-06-12 16:00	69.750	69.837	69.163	69.580	237
2025-06-12 20:00	69.570	70.222	69.522	70.212	60
2025-06-13 00:00	70.510	78.475	70.460	75.495	240
2025-06-13 04:00	75.485	76.260	72.170	73.145	240
2025-06-13 08:00	73.182	75.635	73.108	74.250	240
2025-06-13 12:00	74.245	74.985	72.905	73.425	240
2025-06-13 16:00	73.430	75.222	73.005	74.280	240
2025-06-13 20:00	74.228	74.892	74.228	74.502	60
2025-06-16 00:00	75.567	75.632	74.190	74.870	240
2025-06-16 04:00	74.875	75.080	73.838	73.980	240
2025-06-16 08:00	74.000	74.150	73.235	73.270	240
2025-06-16 12:00	73.275	73.675	70.615	72.540	240
2025-06-16 16:00	72.535	73.310	72.220	72.865	240
2025-06-16 20:00	72.870	72.952	72.712	72.947	60
2025-06-17 00:00	74.265	74.825	73.120	73.490	240
2025-06-17 04:00	73.495	74.460	72.635	74.090	240
2025-06-17 08:00	74.145	74.975	73.683	74.795	240
2025-06-17 12:00	74.800	75.645	74.050	75.085	240
2025-06-17 16:00	75.080	76.885	74.828	76.450	240
2025-06-17 20:00	76.445	77.072	76.287	76.867	60
2025-06-18 00:00	76.870	76.980	76.230	76.750	240
2025-06-18 04:00	76.755	76.855	75.785	76.040	240
2025-06-18 08:00	76.065	76.815	75.295	76.535	240
2025-06-18 12:00	76.545	77.425	74.425	75.480	240
2025-06-18 16:00	75.475	77.055	75.018	76.310	240
2025-06-18 20:00	76.268	76.637	76.057	76.217	60
2025-06-19 00:00	76.457	76.770	75.650	76.470	240
2025-06-19 04:00	76.460	77.635	76.338	77.060	240
2025-06-19 08:00	77.090	77.765	76.570	77.735	240
2025-06-19 12:00	77.745	79.010	77.455	78.330	240
2025-06-19 16:00	78.340	78.875	78.090	78.695	89
2025-06-20 00:00	77.382	77.635	76.710	76.920	240
2025-06-20 04:00	76.930	77.370	76.213	77.080	240
2025-06-20 08:00	77.110	77.475	75.507	76.315	240
2025-06-20 12:00	76.295	76.905	75.975	76.765	240
2025-06-20 16:00	76.785	77.310	76.250	77.165	238
2025-06-20 20:00	77.170	77.237	77.112	77.207	60
2025-06-23 00:00	78.950	79.335	78.075	78.440	240
2025-06-23 04:00	78.450	78.545	77.110	77.310	240
2025-06-23 08:00	77.315	78.090	76.335	77.485	240
2025-06-23 12:00	77.480	77.660	75.795	76.870	240
2025-06-23 16:00	76.875	77.410	70.880	70.900	240
2025-06-23 20:00	70.877	70.937	69.478	70.082	60
2025-06-24 00:00	68.668	70.175	68.215	69.800	240
2025-06-24 04:00	69.795	69.925	67.555	69.320	240
2025-06-24 08:00	69.315	69.870	68.690	68.910	240
2025-06-24 12:00	68.900	69.240	67.255	67.325	240
2025-06-24 16:00	67.320	67.875	66.805	67.680	240
2025-06-24 20:00	67.657	67.892	67.622	67.747	60
2025-06-25 00:00	67.877	68.130	67.790	67.945	239
2025-06-25 04:00	67.950	68.445	67.820	68.350	238
2025-06-25 08:00	68.345	68.370	67.325	67.560	240
2025-06-25 12:00	67.565	68.400	67.305	68.290	240
2025-06-25 16:00	68.300	68.750	67.615	67.910	240
2025-06-25 20:00	67.905	67.905	67.577	67.577	59
2025-06-26 00:00	67.697	68.075	67.575	67.885	233
2025-06-26 04:00	67.875	68.300	67.685	67.835	232
2025-06-26 08:00	67.830	68.070	67.360	68.005	240
2025-06-26 12:00	68.020	69.015	67.625	68.470	240
2025-06-26 16:00	68.480	68.700	67.495	67.915	240
2025-06-26 20:00	67.920	67.987	67.752	67.757	41
2025-06-27 00:00	66.845	67.155	66.760	66.965	239
2025-06-27 04:00	66.960	67.270	66.950	67.040	236
2025-06-27 08:00	67.055	67.285	66.685	67.080	238
2025-06-27 12:00	67.075	67.265	66.105	66.505	240
2025-06-27 16:00	66.510	66.925	66.335	66.430	239
2025-06-27 20:00	66.435	66.487	66.332	66.352	59
2025-06-30 00:00	66.130	66.665	65.905	66.555	236
2025-06-30 04:00	66.560	66.845	66.400	66.570	232
2025-06-30 08:00	66.528	67.175	66.495	66.730	240
2025-06-30 12:00	66.735	66.880	66.235	66.445	240
2025-06-30 16:00	66.440	66.800	66.390	66.620	237
2025-06-30 20:00	66.597	66.692	66.457	66.552	59
2025-07-01 00:00	66.545	66.615	66.315	66.390	236
2025-07-01 04:00	66.395	66.905	66.348	66.755	230
2025-07-01 08:00	66.785	67.475	66.505	67.235	239
2025-07-01 12:00	67.230	67.390	66.655	67.205	240
2025-07-01 16:00	67.215	67.365	66.995	67.340	238
2025-07-01 20:00	67.345	67.382	67.167	67.182	59
2025-07-02 00:00	67.067	67.265	67.035	67.125	227
2025-07-02 04:00	67.120	67.460	66.925	67.415	225
2025-07-02 08:00	67.410	68.075	67.105	67.955	239
2025-07-02 12:00	67.945	68.375	67.108	68.195	238
2025-07-02 16:00	68.210	69.185	68.005	68.885	239
2025-07-02 20:00	68.862	69.122	68.837	69.087	57
2025-07-03 00:00	68.882	68.985	68.398	68.558	233
2025-07-03 04:00	68.610	68.715	68.310	68.485	234
2025-07-03 08:00	68.505	69.115	68.325	69.020	239
2025-07-03 12:00	69.005	69.125	68.325	68.710	240
2025-07-03 16:00	68.705	68.965	68.516	68.910	237
2025-07-03 20:00	68.920	68.920	68.788	68.847	59
2025-07-04 00:00	68.822	68.865	68.400	68.515	230
2025-07-04 04:00	68.510	68.755	68.355	68.670	233
2025-07-04 08:00	68.680	68.685	67.725	68.255	239
2025-07-04 12:00	68.260	68.450	67.975	68.195	240
2025-07-04 16:00	68.205	68.550	68.090	68.450	88
2025-07-07 00:00	67.700	67.875	67.315	67.770	240
2025-07-07 04:00	67.765	68.305	67.728	68.275	238
2025-07-07 08:00	68.285	68.820	67.885	68.675	240
2025-07-07 12:00	68.680	69.385	68.565	69.195	240
2025-07-07 16:00	69.185	69.920	68.840	69.605	240
2025-07-07 20:00	69.600	69.687	69.512	69.517	60
2025-07-08 00:00	69.397	69.480	69.038	69.290	233
2025-07-08 04:00	69.295	69.585	69.123	69.235	239
2025-07-08 08:00	69.245	69.625	69.095	69.545	240
2025-07-08 12:00	69.540	70.235	69.300	70.175	239
2025-07-08 16:00	70.180	70.655	70.075	70.100	238
2025-07-08 20:00	70.095	70.152	69.907	69.957	60
2025-07-09 00:00	69.877	70.070	69.825	70.055	230
2025-07-09 04:00	70.008	70.475	69.875	70.445	233
2025-07-09 08:00	70.465	70.685	70.180	70.305	239
2025-07-09 12:00	70.300	70.455	69.595	70.435	240
2025-07-09 16:00	70.430	70.595	70.033	70.095	237
2025-07-09 20:00	70.090	70.117	70.028	70.092	59
2025-07-10 00:00	70.017	70.200	69.878	70.150	237
2025-07-10 04:00	70.140	70.400	70.040	70.125	231
2025-07-10 08:00	70.135	70.445	69.325	69.495	240
2025-07-10 12:00	69.490	69.805	68.555	68.650	240
2025-07-10 16:00	68.655	68.995	68.525	68.890	240
2025-07-10 20:00	68.867	68.877	68.767	68.797	58
2025-07-11 00:00	68.810	69.135	68.630	68.865	236
2025-07-11 04:00	68.870	69.180	68.648	68.820	235
2025-07-11 08:00	68.815	69.475	68.535	69.430	239
2025-07-11 12:00	69.425	70.485	69.200	70.460	240
2025-07-11 16:00	70.465	70.600	70.170	70.570	239
2025-07-11 20:00	70.575	70.652	70.447	70.632	60
2025-07-14 00:00	70.495	70.565	70.340	70.490	238
2025-07-14 04:00	70.485	71.260	70.325	71.095	230
2025-07-14 08:00	71.105	71.505	70.735	71.360	239
2025-07-14 12:00	71.365	71.495	69.315	69.455	240
2025-07-14 16:00	69.430	69.640	69.075	69.175	239
2025-07-14 20:00	69.170	69.170	69.012	69.022	59
2025-07-15 00:00	69.145	69.160	68.808	68.885	234
2025-07-15 04:00	68.895	69.125	68.583	68.715	234
2025-07-15 08:00	68.720	69.350	68.635	69.225	240
2025-07-15 12:00	69.235	69.395	68.685	68.840	240
2025-07-15 16:00	68.845	68.972	68.563	68.800	237
2025-07-15 20:00	68.795	68.877	68.727	68.822	59
2025-07-16 00:00	68.970	69.065	68.773	68.835	228
2025-07-16 04:00	68.788	69.055	68.630	68.640	223
2025-07-16 08:00	68.635	68.645	67.950	67.955	240
2025-07-16 12:00	67.960	68.317	67.700	68.090	240
2025-07-16 16:00	68.095	68.855	68.005	68.750	239
2025-07-16 20:00	68.760	68.760	68.608	68.657	58
2025-07-17 00:00	68.732	68.995	68.708	68.860	234
2025-07-17 04:00	68.855	68.855	68.315	68.375	226
2025-07-17 08:00	68.370	68.795	68.255	68.710	239
2025-07-17 12:00	68.715	69.095	68.365	68.995	240
2025-07-17 16:00	69.005	69.605	68.965	69.555	238
2025-07-17 20:00	69.545	69.562	69.497	69.542	55
2025-07-18 00:00	69.517	69.680	69.373	69.450	237
2025-07-18 04:00	69.445	70.285	69.425	69.715	235
2025-07-18 08:00	69.730	70.390	69.580	70.390	240
2025-07-18 12:00	70.395	70.755	69.235	69.615	240
2025-07-18 16:00	69.610	69.615	69.125	69.230	240
2025-07-18 20:00	69.235	69.292	69.172	69.187	58
2025-07-21 00:00	69.317	69.490	69.188	69.370	236
2025-07-21 04:00	69.375	69.605	69.065	69.140	230
2025-07-21 08:00	69.160	69.380	68.715	69.115	240
2025-07-21 12:00	69.110	69.205	68.410	68.665	240
2025-07-21 16:00	68.670	69.225	68.670	68.965	233
2025-07-21 20:00	68.942	68.992	68.917	68.987	48
2025-07-22 00:00	69.080	69.100	68.555	68.630	234
2025-07-22 04:00	68.625	68.965	68.450	68.465	235
2025-07-22 08:00	68.470	68.760	68.285	68.515	240
2025-07-22 12:00	68.510	69.010	68.135	68.275	240
2025-07-22 16:00	68.255	68.895	68.110	68.775	233
2025-07-22 20:00	68.785	68.862	68.687	68.712	59
2025-07-23 00:00	68.837	69.047	68.685	68.780	234
2025-07-23 04:00	68.785	68.935	68.465	68.520	232
2025-07-23 08:00	68.535	68.605	67.995	68.080	240
2025-07-23 12:00	68.075	68.510	67.985	68.345	240
2025-07-23 16:00	68.340	68.740	68.255	68.685	237
2025-07-23 20:00	68.690	68.690	68.563	68.622	57
2025-07-24 00:00	68.705	68.815	68.588	68.770	238
2025-07-24 04:00	68.775	69.430	68.595	68.940	232
2025-07-24 08:00	68.945	69.505	68.815	68.965	240
2025-07-24 12:00	68.945	69.515	68.785	69.410	240
2025-07-24 16:00	69.405	69.445	68.475	69.320	236
2025-07-24 20:00	69.315	69.320	69.142	69.277	59
2025-07-25 00:00	69.332	69.630	69.185	69.300	234
2025-07-25 04:00	69.310	69.830	69.253	69.490	232
2025-07-25 08:00	69.500	69.685	69.200	69.435	240
2025-07-25 12:00	69.440	69.685	68.490	68.525	240
2025-07-25 16:00	68.555	68.770	68.305	68.320	238
2025-07-25 20:00	68.330	68.342	68.262	68.337	57
2025-07-28 00:00	68.585	68.865	68.543	68.675	237
2025-07-28 04:00	68.670	69.100	68.585	68.655	226
2025-07-28 08:00	68.665	69.475	68.605	69.475	239
2025-07-28 12:00	69.517	70.320	69.505	69.735	240
2025-07-28 16:00	69.740	70.430	69.665	70.395	230
2025-07-28 20:00	70.390	70.390	70.212	70.242	44
2025-07-29 00:00	69.512	69.550	69.215	69.220	225
2025-07-29 04:00	69.215	69.475	69.158	69.225	227
2025-07-29 08:00	69.245	69.805	69.215	69.470	240
2025-07-29 12:00	69.450	70.290	69.415	70.235	240
2025-07-29 16:00	70.245	72.185	70.165	71.820	238
2025-07-29 20:00	71.815	71.937	71.572	71.747	59
2025-07-30 00:00	71.637	71.795	71.525	71.760	231
2025-07-30 04:00	71.765	72.215	71.510	72.160	233
2025-07-30 08:00	72.175	72.195	70.905	71.365	239
2025-07-30 12:00	71.395	72.545	71.375	72.475	240
2025-07-30 16:00	72.465	72.810	72.305	72.745	240
2025-07-30 20:00	72.740	72.740	72.602	72.647	60
2025-07-31 00:00	72.727	72.805	72.233	72.233	233
2025-07-31 04:00	72.285	72.605	72.128	72.505	237
2025-07-31 08:00	72.495	72.540	71.750	72.025	239
2025-07-31 12:00	72.030	72.215	70.985	71.095	240
2025-07-31 16:00	71.105	71.855	71.075	71.585	240
2025-07-31 20:00	71.538	71.847	71.522	71.767	60
2025-08-01 00:00	71.810	71.845	71.548	71.835	235
2025-08-01 04:00	71.830	71.962	71.425	71.665	240
2025-08-01 08:00	71.635	71.930	70.905	71.115	240
2025-08-01 12:00	71.105	71.825	69.590	69.715	240
2025-08-01 16:00	69.673	70.030	69.400	69.515	240
2025-08-01 20:00	69.520	69.607	69.377	69.477	59
2025-08-04 00:00	69.275	69.555	69.135	69.465	240
2025-08-04 04:00	69.460	69.955	69.338	69.735	236
2025-08-04 08:00	69.725	69.755	68.393	68.435	240
2025-08-04 12:00	68.425	69.360	68.025	69.145	240
2025-08-04 16:00	69.150	69.205	68.450	68.575	238
2025-08-04 20:00	68.570	68.677	68.547	68.667	58
2025-08-05 00:00	68.750	68.855	68.485	68.588	234
2025-08-05 04:00	68.645	68.830	68.275	68.485	229
2025-08-05 08:00	68.500	68.805	67.920	68.195	240
2025-08-05 12:00	68.190	68.270	67.675	67.885	240
2025-08-05 16:00	67.880	68.205	67.505	67.625	220
2025-08-05 20:00	67.615	67.697	67.512	67.632	53
2025-08-06 00:00	67.720	68.075	67.708	68.008	230
2025-08-06 04:00	68.065	68.390	67.908	68.185	232
2025-08-06 08:00	68.165	68.785	68.135	68.625	240
2025-08-06 12:00	68.635	69.150	67.385	67.405	240
2025-08-06 16:00	67.415	68.140	66.200	66.610	240
2025-08-06 20:00	66.605	66.797	66.522	66.737	60
2025-08-07 00:00	66.827	67.565	66.820	67.525	236
2025-08-07 04:00	67.515	67.515	67.138	67.235	236
2025-08-07 08:00	67.245	67.640	66.685	67.155	240
2025-08-07 12:00	67.165	67.365	66.415	66.575	240
2025-08-07 16:00	66.565	66.975	66.255	66.275	226
2025-08-07 20:00	66.265	66.367	66.247	66.312	59
2025-08-08 00:00	66.345	66.515	66.258	66.395	237
2025-08-08 04:00	66.385	66.545	65.785	66.475	225
2025-08-08 08:00	66.470	67.052	66.180	66.715	237
2025-08-08 12:00	66.710	67.185	65.515	66.890	240
2025-08-08 16:00	66.900	67.065	66.340	66.365	236
2025-08-08 20:00	66.370	66.370	66.047	66.082	59
2025-08-11 00:00	66.157	66.310	65.748	66.265	240
2025-08-11 04:00	66.285	66.430	65.865	65.885	235
2025-08-11 08:00	65.915	66.995	65.900	66.975	238
2025-08-11 12:00	66.965	67.095	66.330	66.445	240
2025-08-11 16:00	66.450	66.835	66.420	66.715	235
2025-08-11 20:00	66.710	66.722	66.622	66.647	58
2025-08-12 00:00	66.772	66.905	66.580	66.820	230
2025-08-12 04:00	66.815	66.995	66.685	66.860	234
2025-08-12 08:00	66.865	67.040	66.245	66.265	240
2025-08-12 12:00	66.270	66.595	66.050	66.145	239
2025-08-12 16:00	66.130	66.295	65.965	66.095	232
2025-08-12 20:00	66.110	66.125	66.042	66.067	55
2025-08-13 00:00	66.127	66.185	65.955	66.165	223
2025-08-13 04:00	66.175	66.300	65.845	65.935	230
2025-08-13 08:00	65.940	66.025	65.540	65.865	239
2025-08-13 12:00	65.860	66.300	64.995	65.035	240
2025-08-13 16:00	65.045	65.790	64.990	65.710	230
2025-08-13 20:00	65.720	65.722	65.648	65.722	55
2025-08-14 00:00	65.747	65.965	65.725	65.840	239
2025-08-14 04:00	65.793	66.055	65.745	65.795	234
2025-08-14 08:00	65.805	66.007	65.555	65.890	239
2025-08-14 12:00	65.875	66.825	65.773	66.705	240
2025-08-14 16:00	66.710	66.965	66.445	66.925	236
2025-08-14 20:00	66.902	66.912	66.782	66.792	59
2025-08-15 00:00	66.845	67.030	66.668	66.678	235
2025-08-15 04:00	66.720	66.805	66.340	66.410	230
2025-08-15 08:00	66.435	66.610	66.135	66.585	240
2025-08-15 12:00	66.590	66.605	65.853	66.150	240
2025-08-15 16:00	66.155	66.275	65.715	66.115	240
2025-08-15 20:00	66.110	66.147	66.062	66.102	59
2025-08-18 00:00	65.525	65.855	65.465	65.835	236
2025-08-18 04:00	65.840	66.215	65.650	65.665	239
2025-08-18 08:00	65.670	66.305	65.615	66.050	238
2025-08-18 12:00	66.045	66.160	65.290	66.105	240
2025-08-18 16:00	66.115	66.795	66.030	66.515	239
2025-08-18 20:00	66.510	66.547	66.432	66.452	57
2025-08-19 00:00	66.512	66.555	66.178	66.230	230
2025-08-19 04:00	66.225	66.350	65.915	66.025	228
2025-08-19 08:00	66.035	66.165	65.710	66.050	240
2025-08-19 12:00	66.055	66.195	65.635	65.745	240
2025-08-19 16:00	65.735	65.985	65.585	65.885	239
2025-08-19 20:00	65.890	65.992	65.837	65.937	57
2025-08-20 00:00	66.035	66.170	65.793	65.865	233
2025-08-20 04:00	65.860	66.540	65.813	66.440	219
2025-08-20 08:00	66.455	66.705	66.115	66.555	236
2025-08-20 12:00	66.575	66.915	66.175	66.895	240
2025-08-20 16:00	66.880	67.035	66.695	66.975	234
2025-08-20 20:00	66.952	67.022	66.858	66.902	51
2025-08-21 00:00	66.970	67.270	66.865	67.085	230
2025-08-21 04:00	67.075	67.465	67.018	67.260	231
2025-08-21 08:00	67.265	67.575	67.105	67.190	240
2025-08-21 12:00	67.205	67.475	66.723	67.370	240
2025-08-21 16:00	67.375	67.775	67.265	67.535	236
2025-08-21 20:00	67.512	67.572	67.482	67.562	49
2025-08-22 00:00	67.547	67.640	67.420	67.525	232
2025-08-22 04:00	67.530	67.915	67.468	67.705	236
2025-08-22 08:00	67.715	67.905	67.395	67.730	238
2025-08-22 12:00	67.725	67.970	67.455	67.675	240
2025-08-22 16:00	67.670	67.865	67.470	67.830	235
2025-08-22 20:00	67.807	67.817	67.738	67.772	56
2025-08-25 00:00	67.742	67.890	67.545	67.810	225
2025-08-25 04:00	67.763	67.960	67.645	67.795	223
2025-08-25 08:00	67.800	68.215	67.780	68.105	231
2025-08-25 12:00	68.095	68.935	67.975	68.895	237
2025-08-25 16:00	68.900	69.040	68.645	68.770	232
2025-08-25 20:00	68.765	68.765	68.682	68.717	51
2025-08-26 00:00	68.692	68.715	68.375	68.500	223
2025-08-26 04:00	68.495	68.530	68.185	68.195	222
2025-08-26 08:00	68.210	68.360	67.620	67.680	239
2025-08-26 12:00	67.680	68.230	67.295	67.400	240
2025-08-26 16:00	67.405	67.455	67.090	67.255	237
2025-08-26 20:00	67.260	67.297	67.227	67.257	39
2025-08-27 00:00	66.865	66.880	66.565	66.675	226
2025-08-27 04:00	66.650	66.730	66.410	66.615	223
2025-08-27 08:00	66.610	66.875	66.355	66.835	239
2025-08-27 12:00	66.810	67.325	66.710	67.115	240
2025-08-27 16:00	67.125	67.485	67.025	67.175	237
2025-08-27 20:00	67.152	67.167	67.063	67.167	48
2025-08-28 00:00	67.120	67.155	66.888	66.940	227
2025-08-28 04:00	66.945	67.265	66.805	67.050	234
2025-08-28 08:00	67.080	67.420	66.835	67.325	235
2025-08-28 12:00	67.330	67.385	66.768	67.045	240
2025-08-28 16:00	67.025	68.045	66.895	67.660	239
2025-08-28 20:00	67.655	67.692	67.572	67.627	54
2025-08-29 00:00	67.547	67.625	67.388	67.580	228
2025-08-29 04:00	67.575	67.755	67.415	67.605	233
2025-08-29 08:00	67.630	67.790	67.335	67.775	238
2025-08-29 12:00	67.765	67.905	67.305	67.565	238
2025-08-29 16:00	67.580	67.585	67.275	67.385	232
2025-08-29 20:00	67.390	67.432	67.347	67.402	57
2025-09-01 00:00	67.400	67.405	67.088	67.128	226
2025-09-01 04:00	67.180	67.840	67.113	67.740	228
2025-09-01 08:00	67.745	68.215	67.615	68.155	221
2025-09-01 12:00	68.165	68.335	68.070	68.175	235
2025-09-01 16:00	68.165	68.185	68.065	68.135	84
2025-09-02 00:00	68.150	68.560	68.130	68.435	233
2025-09-02 04:00	68.430	68.755	68.345	68.665	231
2025-09-02 08:00	68.660	69.505	68.618	69.220	237
2025-09-02 12:00	69.215	69.285	68.043	68.945	240
2025-09-02 16:00	68.925	69.265	68.905	69.115	235
2025-09-02 20:00	69.110	69.132	68.972	69.062	54
2025-09-03 00:00	69.080	69.215	68.828	68.875	218
2025-09-03 04:00	68.890	68.985	68.745	68.835	213
2025-09-03 08:00	68.830	69.075	67.685	67.890	240
2025-09-03 12:00	67.843	68.382	67.442	68.300	240
2025-09-03 16:00	68.315	68.355	67.372	67.512	233
2025-09-03 20:00	67.492	67.517	67.322	67.342	54
2025-09-04 00:00	67.385	67.390	67.097	67.177	235
2025-09-04 04:00	67.185	67.195	66.655	66.752	228
2025-09-04 08:00	66.765	67.342	66.510	66.952	240
2025-09-04 12:00	66.965	67.165	66.325	66.972	240
2025-09-04 16:00	66.945	67.155	66.745	66.822	231
2025-09-04 20:00	66.812	66.822	66.732	66.802	54
2025-09-05 00:00	66.797	66.870	66.597	66.828	228
2025-09-05 04:00	66.835	66.950	66.582	66.692	222
2025-09-05 08:00	66.705	67.025	66.355	66.415	239
2025-09-05 12:00	66.435	66.490	65.052	65.092	240
2025-09-05 16:00	65.085	65.695	65.072	65.645	237
2025-09-05 20:00	65.655	65.662	65.512	65.562	58
2025-09-08 00:00	65.895	66.330	65.762	66.282	232
2025-09-08 04:00	66.282	66.755	66.232	66.447	225
2025-09-08 08:00	66.455	67.015	66.382	66.905	236
2025-09-08 12:00	66.915	66.935	65.715	66.142	239
2025-09-08 16:00	66.135	66.225	65.885	66.105	227
2025-09-08 20:00	66.100	66.182	66.082	66.167	46
2025-09-09 00:00	66.202	66.405	66.105	66.355	227
2025-09-09 04:00	66.348	66.765	66.342	66.630	222
2025-09-09 08:00	66.635	66.915	66.337	66.557	238
2025-09-09 12:00	66.580	67.350	66.532	66.662	240
2025-09-09 16:00	66.675	66.685	66.340	66.405	235
2025-09-09 20:00	66.395	66.502	66.352	66.487	55
2025-09-10 00:00	66.765	66.965	66.645	66.960	235
2025-09-10 04:00	66.952	67.175	66.802	66.870	232
2025-09-10 08:00	66.885	67.075	66.672	66.980	236
2025-09-10 12:00	66.985	67.685	66.715	67.652	240
2025-09-10 16:00	67.665	67.755	67.432	67.585	222
2025-09-10 20:00	67.562	67.572	67.502	67.532	47
2025-09-11 00:00	67.570	67.595	67.360	67.360	211
2025-09-11 04:00	67.355	67.455	67.212	67.405	226
2025-09-11 08:00	67.420	67.485	66.732	66.850	237
2025-09-11 12:00	66.820	66.855	66.132	66.375	240
2025-09-11 16:00	66.385	66.515	66.190	66.230	237
2025-09-11 20:00	66.235	66.283	66.212	66.222	41
2025-09-12 00:00	66.185	66.215	65.795	65.832	231
2025-09-12 04:00	65.855	66.150	65.685	66.092	226
2025-09-12 08:00	66.100	67.635	66.082	67.635	240
2025-09-12 12:00	67.640	68.145	67.292	67.445	239
2025-09-12 16:00	67.450	67.490	66.680	66.782	236
2025-09-12 20:00	66.775	66.922	66.752	66.837	55
2025-09-15 00:00	66.890	67.405	66.882	67.350	229
2025-09-15 04:00	67.345	67.495	67.092	67.272	224
2025-09-15 08:00	67.295	67.345	66.982	67.142	240
2025-09-15 12:00	67.150	67.800	67.065	67.232	240
2025-09-15 16:00	67.230	67.595	67.180	67.442	232
2025-09-15 20:00	67.440	67.462	67.392	67.407	43
2025-09-16 00:00	67.455	67.665	67.437	67.558	231
2025-09-16 04:00	67.570	67.625	67.052	67.165	223
2025-09-16 08:00	67.175	67.805	66.985	67.635	238
2025-09-16 12:00	67.645	68.465	67.622	68.435	240
2025-09-16 16:00	68.440	68.670	68.332	68.480	236
2025-09-16 20:00	68.475	68.492	68.432	68.457	51
2025-09-17 00:00	68.527	68.570	68.292	68.310	224
2025-09-17 04:00	68.315	68.475	68.082	68.095	223
2025-09-17 08:00	68.105	68.165	67.772	68.152	238
2025-09-17 12:00	68.150	68.540	67.912	68.230	238
2025-09-17 16:00	68.235	68.355	67.605	67.850	238
2025-09-17 20:00	67.845	67.947	67.807	67.852	56
2025-09-18 00:00	67.990	67.990	67.485	67.820	236
2025-09-18 04:00	67.815	67.850	67.492	67.582	228
2025-09-18 08:00	67.600	68.305	67.323	68.222	240
2025-09-18 12:00	68.220	68.395	67.402	67.625	240
2025-09-18 16:00	67.635	67.645	67.172	67.545	237
2025-09-18 20:00	67.522	67.557	67.442	67.457	52
2025-09-19 00:00	67.430	67.550	67.292	67.362	232
2025-09-19 04:00	67.367	67.502	67.092	67.172	231
2025-09-19 08:00	67.165	67.475	66.832	67.205	239
2025-09-19 12:00	67.195	67.385	66.417	66.682	239
2025-09-19 16:00	66.675	66.775	66.582	66.615	230
2025-09-19 20:00	66.592	66.622	66.572	66.592	51
2025-09-22 00:00	66.805	67.115	66.790	67.080	226
2025-09-22 04:00	67.085	67.285	66.922	67.002	223
2025-09-22 08:00	67.015	67.035	66.082	66.095	238
2025-09-22 12:00	66.085	66.535	65.922	66.452	238
2025-09-22 16:00	66.450	66.655	66.342	66.535	228
2025-09-22 20:00	66.512	66.597	66.512	66.557	42
2025-09-23 00:00	66.590	66.645	66.112	66.132	225
2025-09-23 04:00	66.130	66.462	66.080	66.462	228
2025-09-23 08:00	66.455	67.265	66.155	67.195	239
2025-09-23 12:00	67.205	68.055	67.122	67.800	238
2025-09-23 16:00	67.805	67.998	67.400	67.900	231
2025-09-23 20:00	67.905	67.905	67.782	67.817	53
2025-09-24 00:00	67.860	67.930	67.705	67.798	219
2025-09-24 04:00	67.797	68.055	67.595	67.995	220
2025-09-24 08:00	68.005	68.405	67.492	68.372	240
2025-09-24 12:00	68.395	69.042	68.275	68.960	240
2025-09-24 16:00	68.950	69.345	68.835	69.105	231
2025-09-24 20:00	69.082	69.117	69.077	69.097	54
2025-09-25 00:00	69.017	69.300	68.982	69.042	227
2025-09-25 04:00	69.038	69.240	68.809	69.072	221
2025-09-25 08:00	69.090	69.210	68.562	69.065	239
2025-09-25 12:00	69.055	69.305	68.420	69.195	240
2025-09-25 16:00	69.200	69.660	68.975	69.635	238
2025-09-25 20:00	69.625	69.627	69.517	69.577	39
2025-09-26 00:00	68.755	68.895	68.642	68.682	224
2025-09-26 04:00	68.675	68.865	68.537	68.645	217
2025-09-26 08:00	68.655	68.725	68.262	68.452	239
2025-09-26 12:00	68.448	69.845	68.402	69.632	233
2025-09-26 16:00	69.645	69.685	68.735	68.782	237
2025-09-26 20:00	68.762	68.842	68.627	68.697	59
2025-09-29 00:00	68.614	68.868	68.548	68.768	230
2025-09-29 04:00	68.758	68.918	68.461	68.498	222
2025-09-29 08:00	68.478	68.568	67.892	68.002	240
2025-09-29 12:00	67.992	68.140	66.752	66.955	240
2025-09-29 16:00	66.950	67.115	66.662	66.785	237
2025-09-29 20:00	66.762	66.792	66.677	66.742	53
2025-09-30 00:00	66.683	66.805	66.497	66.675	225
2025-09-30 04:00	66.690	66.815	66.252	66.362	232
2025-09-30 08:00	66.352	66.735	65.842	65.867	240
2025-09-30 12:00	65.885	66.587	65.622	66.350	240
2025-09-30 16:00	66.345	66.585	65.982	66.142	239
2025-09-30 20:00	66.127	66.162	66.002	66.042	51
2025-10-01 00:00	66.155	66.230	65.852	66.182	221
2025-10-01 04:00	66.180	66.495	66.092	66.422	223
2025-10-01 08:00	66.425	66.545	65.302	65.755	240
2025-10-01 12:00	65.780	65.790	65.058	65.385	240
2025-10-01 16:00	65.382	65.845	65.265	65.505	238
2025-10-01 20:00	65.510	65.532	65.302	65.357	57
2025-10-02 00:00	65.407	66.117	65.402	65.705	233
2025-10-02 04:00	65.690	65.820	65.275	65.455	235
2025-10-02 08:00	65.463	65.612	64.782	65.032	240
2025-10-02 12:00	65.025	65.350	64.225	64.342	240
2025-10-02 16:00	64.355	64.395	63.982	64.235	237
2025-10-02 20:00	64.240	64.342	64.167	64.257	59
2025-10-03 00:00	64.320	64.485	64.192	64.440	217
2025-10-03 04:00	64.435	64.825	64.415	64.542	228
2025-10-03 08:00	64.550	64.990	64.280	64.332	237
2025-10-03 12:00	64.328	64.850	64.195	64.642	240
2025-10-03 16:00	64.655	64.805	64.362	64.412	239
2025-10-03 20:00	64.392	64.497	64.272	64.327	60
2025-10-06 00:00	65.272	65.475	65.210	65.455	213
2025-10-06 04:00	65.465	65.685	65.102	65.255	232
2025-10-06 08:00	65.260	65.750	64.742	64.952	240
2025-10-06 12:00	64.945	65.650	64.942	65.532	240
2025-10-06 16:00	65.525	65.732	65.260	65.525	230
2025-10-06 20:00	65.502	65.562	65.377	65.447	43
2025-10-07 00:00	65.478	65.712	65.432	65.675	214
2025-10-07 04:00	65.668	65.815	65.272	65.440	227
2025-10-07 08:00	65.445	65.675	65.052	65.497	240
2025-10-07 12:00	65.505	65.565	64.520	65.242	240
2025-10-07 16:00	65.255	65.775	65.042	65.752	234
2025-10-07 20:00	65.732	65.752	65.662	65.692	52
2025-10-08 00:00	65.782	66.020	65.742	65.920	212
2025-10-08 04:00	65.922	66.125	65.858	66.015	223
2025-10-08 08:00	66.010	66.370	65.792	66.332	240
2025-10-08 12:00	66.325	66.515	65.772	66.445	240
2025-10-08 16:00	66.442	66.515	66.072	66.120	234
2025-10-08 20:00	66.125	66.132	65.998	65.998	53
2025-10-09 00:00	65.781	65.915	65.530	65.850	236
2025-10-09 04:00	65.860	66.475	65.852	66.402	233
2025-10-09 08:00	66.398	66.552	65.780	65.952	240
2025-10-09 12:00	65.930	66.455	65.562	65.582	239
2025-10-09 16:00	65.572	65.742	64.935	65.122	239
2025-10-09 20:00	65.113	65.177	65.062	65.162	56
2025-10-10 00:00	65.227	65.335	65.022	65.022	225
2025-10-10 04:00	65.010	65.075	64.672	64.852	232
2025-10-10 08:00	64.865	65.110	64.272	64.352	237
2025-10-10 12:00	64.365	64.365	62.712	62.730	240
2025-10-10 16:00	62.735	62.925	62.502	62.660	240
2025-10-10 20:00	62.653	62.687	62.092	62.117	65
2025-10-13 00:00	63.398	63.810	63.172	63.572	237
2025-10-13 04:00	63.585	63.775	63.472	63.622	236
2025-10-13 08:00	63.618	63.935	63.435	63.545	239
2025-10-13 12:00	63.538	63.805	63.052	63.265	240
2025-10-13 16:00	63.252	63.575	63.232	63.472	236
2025-10-13 20:00	63.452	63.502	63.287	63.342	56
2025-10-14 00:00	63.473	63.605	63.392	63.530	230
2025-10-14 04:00	63.535	63.535	62.135	62.402	238
2025-10-14 08:00	62.398	62.440	61.482	62.092	240
2025-10-14 12:00	62.105	62.445	61.685	62.152	240
2025-10-14 16:00	62.150	62.610	62.040	62.100	236
2025-10-14 20:00	62.077	62.322	62.077	62.202	57
2025-10-15 00:00	62.310	62.375	62.002	62.140	235
2025-10-15 04:00	62.142	62.445	62.072	62.315	236
2025-10-15 08:00	62.305	62.515	62.152	62.432	239
2025-10-15 12:00	62.428	63.010	61.890	61.975	240
2025-10-15 16:00	61.965	62.280	61.762	62.110	235
2025-10-15 20:00	62.087	62.452	62.087	62.397	59
2025-10-16 00:00	62.413	62.660	62.292	62.452	229
2025-10-16 04:00	62.445	62.725	62.260	62.655	229
2025-10-16 08:00	62.665	62.685	62.037	62.245	238
2025-10-16 12:00	62.240	62.305	61.312	61.732	240
2025-10-16 16:00	61.733	62.020	60.822	61.077	239
2025-10-16 20:00	61.057	61.087	60.902	60.977	60
2025-10-17 00:00	60.973	61.045	60.596	60.882	240
2025-10-17 04:00	60.870	61.085	60.480	60.732	237
2025-10-17 08:00	60.725	61.040	60.122	61.002	240
2025-10-17 12:00	61.010	61.305	60.762	61.132	240
2025-10-17 16:00	61.145	61.445	60.807	61.270	239
2025-10-17 20:00	61.242	61.392	61.212	61.327	60
2025-10-20 00:00	61.015	61.172	60.862	61.075	237
2025-10-20 04:00	61.085	61.115	60.662	60.760	227
2025-10-20 08:00	60.775	61.195	60.652	60.822	238
2025-10-20 12:00	60.805	60.920	60.052	60.475	240
2025-10-20 16:00	60.500	61.035	60.477	60.942	236
2025-10-20 20:00	60.950	60.973	60.792	60.857	57
2025-10-21 00:00	60.920	60.995	60.562	60.822	222
2025-10-21 04:00	60.820	61.175	60.655	60.702	232
2025-10-21 08:00	60.698	61.625	60.697	61.327	240
2025-10-21 12:00	61.310	61.720	60.332	61.320	240
2025-10-21 16:00	61.325	62.065	60.992	61.440	240
2025-10-21 20:00	61.433	61.633	61.433	61.588	51
2025-10-22 00:00	61.590	62.450	61.352	62.232	236
2025-10-22 04:00	62.230	62.585	62.102	62.225	240
2025-10-22 08:00	62.232	62.575	61.972	62.380	240
2025-10-22 12:00	62.385	62.945	62.170	62.782	240
2025-10-22 16:00	62.760	63.895	62.258	63.475	240
2025-10-22 20:00	63.480	63.758	62.978	63.488	60
2025-10-23 00:00	64.270	64.425	63.842	64.347	231
2025-10-23 04:00	64.345	65.015	64.327	64.575	240
2025-10-23 08:00	64.590	66.070	64.542	65.615	240
2025-10-23 12:00	65.608	66.175	65.132	66.155	240
2025-10-23 16:00	66.160	66.323	65.562	65.790	240
2025-10-23 20:00	65.795	65.898	65.738	65.883	60
2025-10-24 00:00	65.805	65.890	65.400	65.600	237
2025-10-24 04:00	65.592	66.135	65.485	66.115	231
2025-10-24 08:00	66.108	66.630	65.782	66.615	240
2025-10-24 12:00	66.620	66.755	66.012	66.645	240
2025-10-24 16:00	66.640	66.655	65.837	65.895	240
2025-10-24 20:00	65.890	65.890	65.758	65.802	55
2025-10-27 00:00	66.373	66.468	65.932	65.947	237
2025-10-27 04:00	65.942	66.400	65.765	66.035	236
2025-10-27 08:00	66.045	66.055	65.042	65.862	240
2025-10-27 12:00	65.852	66.340	65.640	66.042	239
2025-10-27 16:00	65.985	66.060	65.410	65.725	238
2025-10-27 20:00	65.720	65.917	65.665	65.847	58
2025-10-28 00:00	65.537	65.745	65.342	65.560	232
2025-10-28 04:00	65.570	65.620	64.727	64.765	228
2025-10-28 08:00	64.773	64.875	64.062	64.690	240
2025-10-28 12:00	64.705	64.950	63.985	64.110	240
2025-10-28 16:00	64.115	64.525	64.090	64.210	240
2025-10-28 20:00	64.215	64.500	64.135	64.430	56
2025-10-29 00:00	63.878	64.085	63.615	63.802	236
2025-10-29 04:00	63.800	64.160	63.635	63.920	233
2025-10-29 08:00	63.935	64.165	63.362	64.037	240
2025-10-29 12:00	64.015	64.635	63.742	64.542	240
2025-10-29 16:00	64.540	64.685	64.150	64.185	240
2025-10-29 20:00	64.180	64.265	64.155	64.205	53
2025-10-30 00:00	64.117	64.297	63.932	64.232	238
2025-10-30 04:00	64.245	64.275	63.672	63.725	240
2025-10-30 08:00	63.735	64.065	63.702	63.912	240
2025-10-30 12:00	63.905	64.385	63.455	64.235	240
2025-10-30 16:00	64.222	64.515	63.942	63.975	237
2025-10-30 20:00	63.985	64.060	63.952	64.025	57
2025-10-31 00:00	64.012	64.175	63.877	63.905	229
2025-10-31 04:00	63.895	64.240	63.820	64.212	237
2025-10-31 08:00	64.225	64.305	63.795	64.105	240
2025-10-31 12:00	64.095	65.125	64.072	64.385	241
2025-10-31 16:00	64.378	64.795	64.215	64.632	236
2025-10-31 20:00	64.630	64.690	64.552	64.640	56
2025-11-03 00:00	65.037	65.225	64.905	65.058	178
2025-11-03 04:00	65.052	65.300	64.892	65.065	223
2025-11-03 08:00	65.055	65.115	64.362	64.605	238
2025-11-03 12:00	64.615	64.955	64.315	64.777	240
2025-11-03 16:00	64.775	65.255	64.557	64.802	239
2025-11-03 20:00	64.795	64.895	64.752	64.812	109
2025-11-04 00:00	64.710	64.785	64.588	64.740	168
2025-11-04 04:00	64.742	64.742	64.362	64.397	220
2025-11-04 08:00	64.405	64.410	63.805	64.057	240
2025-11-04 12:00	64.052	64.595	63.857	64.595	240
2025-11-04 16:00	64.588	64.695	64.342	64.402	240
2025-11-04 20:00	64.400	64.435	64.197	64.287	114
2025-11-05 00:00	64.190	64.400	63.892	64.382	180
2025-11-05 04:00	64.395	64.575	64.253	64.450	235
2025-11-05 08:00	64.453	64.920	64.252	64.392	240
2025-11-05 12:00	64.372	64.615	63.952	64.590	240
2025-11-05 16:00	64.592	64.695	63.412	63.457	239
2025-11-05 20:00	63.475	63.545	63.452	63.497	109
2025-11-06 00:00	63.527	63.685	63.457	63.675	173
2025-11-06 04:00	63.665	63.875	63.642	63.652	228
2025-11-06 08:00	63.660	64.305	63.352	63.762	240
2025-11-06 12:00	63.785	64.015	62.822	63.092	240
2025-11-06 16:00	63.090	63.395	62.922	62.952	60